index,comment,date,platform,title,product
0,第一次购买这种含片，看评价说可以提神醒脑，能量十足，吃过之后感觉还不错，希望下次能够带来好运气！作为京东10年来的超级忠实粉丝，每天至少逛一遍京东，虽然工资月收入很低，但是每个月在京东上面消费达到平均三千，有时候还很多，一年平均下来要消费五六万，没钱了用白条都要提前消费购物。因为京东这个平台上面的东西实在是太多了，各种品牌，拥有尽有，而且很多东西都质量非常好，购买方便快捷，很快就到货，不满意的也会上门免费取件退回，不需要多费神，这是我非常满意的地方。作为铁粉，希望京东多搞一点优惠力度更大的活动，至少要比实体店优惠更多，另外希望京东的所有所有的商品一律都是正品百分百正品行货！支持京东！希望继续做好一级棒的销售和售后服务！！,牛磺酸气泡含片 2021-03-08 00:27,JD.com,【Buff XBUFF X SLEEP】BUFF X SLEEP软糖GABA软糖无蔗糖哈欠糖果20粒*1盒【行情 报价 价格 评测】-京东,Sleep
1,维C含量丰富，营养丰富，酸酸甜甜孩子喜欢，Q弹的口感。每日可以补充维C，健康又实用。含量真的很丰富。为了显示对比 ，Q弹的效果，颜色清凉，像一个橙子一样。酸甜入口后劲儿十足。 就像在吃糖一样，孩子喜欢。,维生素软糖*5 2021-02-20 08:45,JD.com,【Buff XBUFF X SLEEP】BUFF X SLEEP软糖GABA软糖无蔗糖哈欠糖果20粒*1盒【行情 报价 价格 评测】-京东,Sleep
2,很好?从没想过这么实惠的价格，?能买到这么好的宝贝，?性价比非常高，我很喜欢哦?是正品很好用，价格便宜了很多，性价比超高，真的特别划算，包装也很高端大气上档次，值得购买一直在这里买这个，活动的时候价格很美丽，发货速度贼快，质量不错，应该是正品真的推荐啊，快递速度特别的快，爱了爱了质量挺好，物流也很快，赞！材质结实，手感好，很得劲，物流也快，性价比很高，值得购买跟我在实体店买的一模一样！还是一样的好用，开心趁着优惠，赶紧入手，是正品，包装也非常的好，没有破损，质量也是没得说，棒?宝贝收到，物流很快，描述相符，比较满意，好评，推荐,维生素软糖 2021-02-05 19:29,JD.com,【Buff XBUFF X SLEEP】BUFF X SLEEP软糖GABA软糖无蔗糖哈欠糖果20粒*1盒【行情 报价 价格 评测】-京东,Sleep
3,发货快，包装严实，商品质量非常好，比专柜便宜很多，客服服务态度也特别好，好评物流很快，物品完好无损，用起来很舒服，喜欢?质量挺好，物流也很快，赞！尺寸刚刚好，质量也非常好，店家的包装太用心了，值得推荐！刚好做活动，价格便宜了很多，性价比超高，真的特别划算正品，棒棒哒，价格很优惠，总而言之挺好的，还会再买质量非常好，非常满意的一次购物。客服有问必答，非常专业本来还很担心东西不好，拿到手发现完全多虑了，五星好评产品包装精致美观大气，目前用着非常不错，真实评价，希望可以帮到集美们,明目软糖 2021-03-04 21:32,JD.com,【Buff XBUFF X SLEEP】BUFF X SLEEP软糖GABA软糖无蔗糖哈欠糖果20粒*1盒【行情 报价 价格 评测】-京东,Sleep
4,物流快，包装精致，味道非常好，甜甜的，助眠和缓解疲劳非常好，有时候开车感觉困了来两颗，非常不错，推荐，准备再入手多几代慢慢吃,明目软糖 2021-01-19 23:45,JD.com,【Buff XBUFF X SLEEP】BUFF X SLEEP软糖GABA软糖无蔗糖哈欠糖果20粒*1盒【行情 报价 价格 评测】-京东,Sleep
5,带着酸甜味，维C软糖真的太好吃了，可以增**生素，预防感冒，效果真是棒棒的,维生素软糖*5 2021-01-21 12:00,JD.com,【Buff XBUFF X SLEEP】BUFF X SLEEP软糖GABA软糖无蔗糖哈欠糖果20粒*1盒【行情 报价 价格 评测】-京东,Sleep
6,包装真的是很好看，味道很好吃，现在还不知道效果，等过段时间看效果怎么样在来评价。,维生素软糖*5 2021-01-20 15:45,JD.com,【Buff XBUFF X SLEEP】BUFF X SLEEP软糖GABA软糖无蔗糖哈欠糖果20粒*1盒【行情 报价 价格 评测】-京东,Sleep
7,这真的是没想到这一款糖这么好吃，而且吃完以后补充非常大的动力，去运动明显能看出来他是无糖的，并且他也无添加任何蔗糖，所以没有对这个糖尿病患者也可以使用金钱的运动完之后做一个补充技术非常的舒服比较合适，而且他的外包装非常的艳丽，快递有既往的给力。,牛磺酸气泡含片 2021-03-07 22:18,JD.com,【Buff XBUFF X SLEEP】BUFF X SLEEP软糖GABA软糖无蔗糖哈欠糖果20粒*1盒【行情 报价 价格 评测】-京东,Sleep
8,"简直是一款颜值又高又好吃的叶黄素酯软糖哦！
首先产品收到了，包装非常好，没有一点破损！
再说说产品的颜值吧，包装盒非常的帅气，而且里面每包都是绿色的包装，**太酷了！
零蔗糖的配方，超级放心哦！
每一块儿糖设计也太可爱了吧，吃起来有淡淡的蓝莓味儿。超级好吃，我相信大家一定都会喜欢这款产品的哦！",明目软糖 2021-03-05 21:09,JD.com,【Buff XBUFF X SLEEP】BUFF X SLEEP软糖GABA软糖无蔗糖哈欠糖果20粒*1盒【行情 报价 价格 评测】-京东,Sleep
9,非常好??,餐前咀嚼糖 2021-03-04 22:52,JD.com,【Buff XBUFF X SLEEP】BUFF X SLEEP软糖GABA软糖无蔗糖哈欠糖果20粒*1盒【行情 报价 价格 评测】-京东,Sleep
20,京东很快就送到了很期待！,睡眠软糖 2021-03-01 18:18,JD.com,【Buff XBUFF X SLEEP】BUFF X SLEEP软糖GABA软糖无蔗糖哈欠糖果20粒*1盒【行情 报价 价格 评测】-京东,Sleep
21,京东很快就送到了 很期待效果,餐前咀嚼糖 2021-03-01 18:18,JD.com,【Buff XBUFF X SLEEP】BUFF X SLEEP软糖GABA软糖无蔗糖哈欠糖果20粒*1盒【行情 报价 价格 评测】-京东,Sleep
22,开始被包装吸引了……买了一些，造型可爱，酸酸甜甜很不错！一次性买了不少，还有其他产品一块，都陆续到货了，期待使用效果，好的话继续购买！,维生素软糖 2021-03-01 11:41,JD.com,【Buff XBUFF X SLEEP】BUFF X SLEEP软糖GABA软糖无蔗糖哈欠糖果20粒*1盒【行情 报价 价格 评测】-京东,Sleep
23,效果杠杠的,鼓掌软糖 2021-03-01 11:35,JD.com,【Buff XBUFF X SLEEP】BUFF X SLEEP软糖GABA软糖无蔗糖哈欠糖果20粒*1盒【行情 报价 价格 评测】-京东,Sleep
24,拆开盒子，可以看到一包包一颗装的类似糖包装，袋子上是Buff XEAT logo图标，拆开后尝了下味道，淡黄色的一颗颗还是很不错的。能阻断淀粉，蔗糖，脂肪吸收，促进肠道健康。,餐前咀嚼糖 2021-02-22 11:18,JD.com,【Buff XBUFF X SLEEP】BUFF X SLEEP软糖GABA软糖无蔗糖哈欠糖果20粒*1盒【行情 报价 价格 评测】-京东,Sleep
25,"非常的好
物流非常快",睡眠软糖 2021-02-22 10:05,JD.com,【Buff XBUFF X SLEEP】BUFF X SLEEP软糖GABA软糖无蔗糖哈欠糖果20粒*1盒【行情 报价 价格 评测】-京东,Sleep
26,完美，产品很惊艳，性价比合适，希望用的长久！?看起来还不错，包装的很仔细，价格也非常公道，还会继续买买买！?,明目软糖 2021-02-18 19:43,JD.com,【Buff XBUFF X SLEEP】BUFF X SLEEP软糖GABA软糖无蔗糖哈欠糖果20粒*1盒【行情 报价 价格 评测】-京东,Sleep
27,好产品、好品质、好服务，宝贝确实值这个价钱，在这给商家点个赞??超级好用！还很美观！墙裂推荐！有需要再回购！真的推荐啊，快递速度特别的快，爱了爱了,维生素软糖 2021-02-17 14:56,JD.com,【Buff XBUFF X SLEEP】BUFF X SLEEP软糖GABA软糖无蔗糖哈欠糖果20粒*1盒【行情 报价 价格 评测】-京东,Sleep
28,这款糖，是软糖，QQ弹弹的，很有嚼劲儿，酸酸甜甜的，是香橙味儿的，可以补充维生素C，一包有20粒，非常好吃。,维生素软糖 2021-02-16 22:40,JD.com,【Buff XBUFF X SLEEP】BUFF X SLEEP软糖GABA软糖无蔗糖哈欠糖果20粒*1盒【行情 报价 价格 评测】-京东,Sleep
29,这个酸酸的很好吃，补不补维生素就不得而知啦！好吃就是了！,维生素软糖 2021-02-15 07:12,JD.com,【Buff XBUFF X SLEEP】BUFF X SLEEP软糖GABA软糖无蔗糖哈欠糖果20粒*1盒【行情 报价 价格 评测】-京东,Sleep
30,味道很不错 酸酸甜甜的还健康 物流也很快很好,维生素软糖 2021-02-06 17:15,JD.com,【Buff XBUFF X SLEEP】BUFF X SLEEP软糖GABA软糖无蔗糖哈欠糖果20粒*1盒【行情 报价 价格 评测】-京东,Sleep
31,真好吃，可爱的小怪兽，很喜欢味道，收到就吃啦,明目软糖 2021-02-06 13:58,JD.com,【Buff XBUFF X SLEEP】BUFF X SLEEP软糖GABA软糖无蔗糖哈欠糖果20粒*1盒【行情 报价 价格 评测】-京东,Sleep
32,包装很不错，味道好吃，效果明显，很适合熬夜人群,睡眠软糖 2021-02-01 22:45,JD.com,【Buff XBUFF X SLEEP】BUFF X SLEEP软糖GABA软糖无蔗糖哈欠糖果20粒*1盒【行情 报价 价格 评测】-京东,Sleep
33,收到货后试了一下，味道不错，质量很好，值得拥有！五星好评！,维生素软糖 2021-01-31 15:40,JD.com,【Buff XBUFF X SLEEP】BUFF X SLEEP软糖GABA软糖无蔗糖哈欠糖果20粒*1盒【行情 报价 价格 评测】-京东,Sleep
34,东西收到了，物流速度一级棒，期待效果,餐前咀嚼糖 2021-01-26 10:00,JD.com,【Buff XBUFF X SLEEP】BUFF X SLEEP软糖GABA软糖无蔗糖哈欠糖果20粒*1盒【行情 报价 价格 评测】-京东,Sleep
35,包装完好无损，保质期一年半，口感就像QQ糖，味道很好闻，第一次试用，还不知道效果,睡眠软糖 2021-01-25 16:25,JD.com,【Buff XBUFF X SLEEP】BUFF X SLEEP软糖GABA软糖无蔗糖哈欠糖果20粒*1盒【行情 报价 价格 评测】-京东,Sleep
36,"包装很不错，还送了两个红包，非常好，发货速度也很快，值得信赖
??????",牛磺酸气泡含片 2021-01-25 11:29,JD.com,【Buff XBUFF X SLEEP】BUFF X SLEEP软糖GABA软糖无蔗糖哈欠糖果20粒*1盒【行情 报价 价格 评测】-京东,Sleep
37,酸酸甜甜的橙子味软糖，很喜欢，小朋友都超爱的,维生素软糖 2021-01-24 15:14,JD.com,【Buff XBUFF X SLEEP】BUFF X SLEEP软糖GABA软糖无蔗糖哈欠糖果20粒*1盒【行情 报价 价格 评测】-京东,Sleep
38,很不错，包装上就知道是正品，价格实惠，产品味道甜甜的，效果暂时还不知道，先入手试试看,餐前咀嚼糖 2021-01-24 13:40,JD.com,【Buff XBUFF X SLEEP】BUFF X SLEEP软糖GABA软糖无蔗糖哈欠糖果20粒*1盒【行情 报价 价格 评测】-京东,Sleep
39,发货快，下单隔天就到了，软糖味道很好，酸酸甜甜的，好吃又能补充维生素，没事来一个还可以清新口气,维生素软糖 2021-01-22 08:12,JD.com,【Buff XBUFF X SLEEP】BUFF X SLEEP软糖GABA软糖无蔗糖哈欠糖果20粒*1盒【行情 报价 价格 评测】-京东,Sleep
40,包装很好看，软软的，QQ的，橙子味道，晚上可以好好睡一觉了，喜欢的朋友可以购买，是正品。,维生素软糖*5 2021-01-21 16:20,JD.com,【Buff XBUFF X SLEEP】BUFF X SLEEP软糖GABA软糖无蔗糖哈欠糖果20粒*1盒【行情 报价 价格 评测】-京东,Sleep
41,听朋友推荐购买的，还可以接受，效果也还可以，独立包装很方便,餐前咀嚼糖 2021-01-21 13:15,JD.com,【Buff XBUFF X SLEEP】BUFF X SLEEP软糖GABA软糖无蔗糖哈欠糖果20粒*1盒【行情 报价 价格 评测】-京东,Sleep
42,霸斧，加班狗最适合不过了，同事推荐的，真的不错，老是加班精神状态不好，吃一颗帮助睡眠，味道甜甜的又不腻，真的不错,维生素软糖 2021-01-20 21:10,JD.com,【Buff XBUFF X SLEEP】BUFF X SLEEP软糖GABA软糖无蔗糖哈欠糖果20粒*1盒【行情 报价 价格 评测】-京东,Sleep
43,软糖的形状很可爱，味道也是酸酸甜甜，包装也很特别好看，里面独立很方便,明目软糖 2021-01-20 18:39,JD.com,【Buff XBUFF X SLEEP】BUFF X SLEEP软糖GABA软糖无蔗糖哈欠糖果20粒*1盒【行情 报价 价格 评测】-京东,Sleep
44,貌似还不错，吃起来酸酸甜甜的，味道不错这个是真的好，材料和做工都特别精致，做工真的非常棒，我觉着我可以推荐给朋友的,睡眠软糖 2021-01-20 18:03,JD.com,【Buff XBUFF X SLEEP】BUFF X SLEEP软糖GABA软糖无蔗糖哈欠糖果20粒*1盒【行情 报价 价格 评测】-京东,Sleep
45,很好，有我想要的效果。很满意,睡眠软糖 2021-01-20 13:09,JD.com,【Buff XBUFF X SLEEP】BUFF X SLEEP软糖GABA软糖无蔗糖哈欠糖果20粒*1盒【行情 报价 价格 评测】-京东,Sleep
46,第一次知道有这样的宝贝，口感不错，包装很漂亮，吃了有效果，真的不错，推荐！,牛磺酸气泡含片 2021-01-20 11:47,JD.com,【Buff XBUFF X SLEEP】BUFF X SLEEP软糖GABA软糖无蔗糖哈欠糖果20粒*1盒【行情 报价 价格 评测】-京东,Sleep
47,包装酷炫酷炫，好看，昨晚第一次吃，第一觉就睡得好不错，期待后续效果，如果效果很好会再次回购。,睡眠软糖 2021-01-20 10:43,JD.com,【Buff XBUFF X SLEEP】BUFF X SLEEP软糖GABA软糖无蔗糖哈欠糖果20粒*1盒【行情 报价 价格 评测】-京东,Sleep
48,就像吃糖果一样，好吃，吃了一会就有那种很舒服的睡意，很舒服,维生素软糖 2021-01-20 10:24,JD.com,【Buff XBUFF X SLEEP】BUFF X SLEEP软糖GABA软糖无蔗糖哈欠糖果20粒*1盒【行情 报价 价格 评测】-京东,Sleep
49,包装颜值相当可以，味道相当不错，甜甜的很喜欢,睡眠软糖 2021-01-20 10:05,JD.com,【Buff XBUFF X SLEEP】BUFF X SLEEP软糖GABA软糖无蔗糖哈欠糖果20粒*1盒【行情 报价 价格 评测】-京东,Sleep
50,味道酸酸甜甜的很好吃，特意吃了几颗感觉到，才来评价的，效果不错，会继续关注的。,餐前咀嚼糖 2021-01-20 09:59,JD.com,【Buff XBUFF X SLEEP】BUFF X SLEEP软糖GABA软糖无蔗糖哈欠糖果20粒*1盒【行情 报价 价格 评测】-京东,Sleep
51,味道甜甜的，果酱味道，很喜欢呐,牛磺酸气泡含片 2021-01-20 09:28,JD.com,【Buff XBUFF X SLEEP】BUFF X SLEEP软糖GABA软糖无蔗糖哈欠糖果20粒*1盒【行情 报价 价格 评测】-京东,Sleep
52,味道喜欢，包装也很特别，晚上打王者时候来几颗特别有精神，很好很好,维生素软糖*5 2021-01-20 09:04,JD.com,【Buff XBUFF X SLEEP】BUFF X SLEEP软糖GABA软糖无蔗糖哈欠糖果20粒*1盒【行情 报价 价格 评测】-京东,Sleep
53,宝贝收到，味道不错甜甜的，下午困的时候吃一颗还能提神，很喜欢！,睡眠软糖 2021-01-23 16:56,JD.com,【Buff XBUFF X SLEEP】BUFF X SLEEP软糖GABA软糖无蔗糖哈欠糖果20粒*1盒【行情 报价 价格 评测】-京东,Sleep
54,被包装吸引到了，里面还有说明书，贴心用心，味道超级好吃，吃了还想吃！！,明目软糖 2021-01-28 14:30,JD.com,【Buff XBUFF X SLEEP】BUFF X SLEEP软糖GABA软糖无蔗糖哈欠糖果20粒*1盒【行情 报价 价格 评测】-京东,Sleep
55,打开快递看到实物的盒子真的非常的漂亮哇！是酷酷的机甲风格。软糖味道也超赞，每一颗都是一个张大嘴巴的小熊，可以说是很用心了~小包装的设计也非常的人性化，出门口袋里装两包非常方便~,睡眠软糖 2021-01-27 20:03,JD.com,【Buff XBUFF X SLEEP】BUFF X SLEEP软糖GABA软糖无蔗糖哈欠糖果20粒*1盒【行情 报价 价格 评测】-京东,Sleep
56,包装精美味道又好，效果不错，黑科技护眼糖，物流非常快,维生素软糖*5 2021-01-27 19:41,JD.com,【Buff XBUFF X SLEEP】BUFF X SLEEP软糖GABA软糖无蔗糖哈欠糖果20粒*1盒【行情 报价 价格 评测】-京东,Sleep
57,包装很有辨识度，新潮酷炫， 日期很新鲜，味道好吃，吃完过一会儿眼睛会有润润的感过一会儿眼睛会有润润的感觉,牛磺酸气泡含片 2021-01-27 18:29,JD.com,【Buff XBUFF X SLEEP】BUFF X SLEEP软糖GABA软糖无蔗糖哈欠糖果20粒*1盒【行情 报价 价格 评测】-京东,Sleep
58,橙子味孩子们的最爱了，口感很好，包装精美，价格实惠。,维生素软糖 2021-01-27 17:18,JD.com,【Buff XBUFF X SLEEP】BUFF X SLEEP软糖GABA软糖无蔗糖哈欠糖果20粒*1盒【行情 报价 价格 评测】-京东,Sleep
59,提神效果还不错。开车累了困了来点特别赞。车上必备？,牛磺酸气泡含片 2021-01-23 19:03,JD.com,【Buff XBUFF X SLEEP】BUFF X SLEEP软糖GABA软糖无蔗糖哈欠糖果20粒*1盒【行情 报价 价格 评测】-京东,Sleep
60,是正品的 口感很好 分量足 价格很实惠性价比高,餐前咀嚼糖 2021-01-23 15:24,JD.com,【Buff XBUFF X SLEEP】BUFF X SLEEP软糖GABA软糖无蔗糖哈欠糖果20粒*1盒【行情 报价 价格 评测】-京东,Sleep
61,包装很可爱，两粒一个小包装很卫生，小怪兽一样的软糖，酸甜可口，很好吃，每天两颗精神好,牛磺酸气泡含片 2021-01-23 15:14,JD.com,【Buff XBUFF X SLEEP】BUFF X SLEEP软糖GABA软糖无蔗糖哈欠糖果20粒*1盒【行情 报价 价格 评测】-京东,Sleep
62,物流快，酸酸甜甜的很好吃，看来效果还可以，下次准备再多买两份,明目软糖 2021-01-23 11:09,JD.com,【Buff XBUFF X SLEEP】BUFF X SLEEP软糖GABA软糖无蔗糖哈欠糖果20粒*1盒【行情 报价 价格 评测】-京东,Sleep
63,很好吃的糖，效果还可以，下次准备买分量大一点的,维生素软糖 2021-01-23 10:50,JD.com,【Buff XBUFF X SLEEP】BUFF X SLEEP软糖GABA软糖无蔗糖哈欠糖果20粒*1盒【行情 报价 价格 评测】-京东,Sleep
64,很不错 吃了一粒糖果来开车真的特别提神 很满意 下次还得多买几粒放在车上 不错,牛磺酸气泡含片 2021-01-21 16:19,JD.com,【Buff XBUFF X SLEEP】BUFF X SLEEP软糖GABA软糖无蔗糖哈欠糖果20粒*1盒【行情 报价 价格 评测】-京东,Sleep
65,收到后吃了两颗，味道还不错，不知道助眠效果怎么样，包装很精致特别，总体还不错,牛磺酸气泡含片 2021-01-21 14:03,JD.com,【Buff XBUFF X SLEEP】BUFF X SLEEP软糖GABA软糖无蔗糖哈欠糖果20粒*1盒【行情 报价 价格 评测】-京东,Sleep
66,味道很好，老板还送了试吃，日期新鲜，发货很快,维生素软糖*5 2021-01-21 12:12,JD.com,【Buff XBUFF X SLEEP】BUFF X SLEEP软糖GABA软糖无蔗糖哈欠糖果20粒*1盒【行情 报价 价格 评测】-京东,Sleep
67,物流速度快，服务态度好，效果特别好，超级喜欢，特别好用,牛磺酸气泡含片 2021-01-19 21:18,JD.com,【Buff XBUFF X SLEEP】BUFF X SLEEP软糖GABA软糖无蔗糖哈欠糖果20粒*1盒【行情 报价 价格 评测】-京东,Sleep
68,挺好吃的，儿子特别喜欢,叶黄素软糖 2021-03-09 23:27,JD.com,【Buff XBUFF X SLEEP】BUFF X SLEEP软糖GABA软糖无蔗糖哈欠糖果20粒*1盒【行情 报价 价格 评测】-京东,Sleep
69,样子也和图片一样，去外面买都没这个价这次网购非常棒，可以*~+,维生素软糖 2021-03-08 22:47,JD.com,【Buff XBUFF X SLEEP】BUFF X SLEEP软糖GABA软糖无蔗糖哈欠糖果20粒*1盒【行情 报价 价格 评测】-京东,Sleep
70,挺不错的，产品也确实有效果，但请大家理性评估，一块糖能有这种效果已经很不错了！,牛磺酸气泡含片 2021-03-08 20:12,JD.com,【Buff XBUFF X SLEEP】BUFF X SLEEP软糖GABA软糖无蔗糖哈欠糖果20粒*1盒【行情 报价 价格 评测】-京东,Sleep
71,发货速度很快，东西包装的很好，价格优惠，我很满意?，还会回购是正品很好用，价格便宜了很多，性价比超高，真的特别划算，包装也很高端大气上档次，值得购买,GABA软糖 2021-03-08 19:11,JD.com,【Buff XBUFF X SLEEP】BUFF X SLEEP软糖GABA软糖无蔗糖哈欠糖果20粒*1盒【行情 报价 价格 评测】-京东,Sleep
72,客服细心解答，物流超快，很好吃！,维生素软糖*5 2021-03-07 11:39,JD.com,【Buff XBUFF X SLEEP】BUFF X SLEEP软糖GABA软糖无蔗糖哈欠糖果20粒*1盒【行情 报价 价格 评测】-京东,Sleep
73,很带劲，不错的,牛磺酸气泡含片 2021-03-05 14:02,JD.com,【Buff XBUFF X SLEEP】BUFF X SLEEP软糖GABA软糖无蔗糖哈欠糖果20粒*1盒【行情 报价 价格 评测】-京东,Sleep
74,产品很好，提神效果很好,牛磺酸气泡含片 2021-03-03 15:39,JD.com,【Buff XBUFF X SLEEP】BUFF X SLEEP软糖GABA软糖无蔗糖哈欠糖果20粒*1盒【行情 报价 价格 评测】-京东,Sleep
75,产品很好，眼睛很舒服，没那么干了,明目软糖 2021-03-03 15:38,JD.com,【Buff XBUFF X SLEEP】BUFF X SLEEP软糖GABA软糖无蔗糖哈欠糖果20粒*1盒【行情 报价 价格 评测】-京东,Sleep
76,非常不错,维生素软糖 2021-03-03 10:25,JD.com,【Buff XBUFF X SLEEP】BUFF X SLEEP软糖GABA软糖无蔗糖哈欠糖果20粒*1盒【行情 报价 价格 评测】-京东,Sleep
77,好吃，橙子味很浓，零糖零脂,维生素软糖 2021-03-01 12:04,JD.com,【Buff XBUFF X SLEEP】BUFF X SLEEP软糖GABA软糖无蔗糖哈欠糖果20粒*1盒【行情 报价 价格 评测】-京东,Sleep
78,效果杠杠好,明目软糖 2021-03-01 11:35,JD.com,【Buff XBUFF X SLEEP】BUFF X SLEEP软糖GABA软糖无蔗糖哈欠糖果20粒*1盒【行情 报价 价格 评测】-京东,Sleep
79,吃了倒头就睡 特别好,睡眠软糖 2021-02-26 22:59,JD.com,【Buff XBUFF X SLEEP】BUFF X SLEEP软糖GABA软糖无蔗糖哈欠糖果20粒*1盒【行情 报价 价格 评测】-京东,Sleep
80,连续两天早起刷词，睡眠不足五小时。。。吃了两颗感觉眼睛没有以前那么疲劳。。。。不知道是真起作用还是心理作用。。。！！！口感很好，酸甜适中,明目软糖 2021-02-23 13:40,JD.com,【Buff XBUFF X SLEEP】BUFF X SLEEP软糖GABA软糖无蔗糖哈欠糖果20粒*1盒【行情 报价 价格 评测】-京东,Sleep
81,口感很好，孩子也喜欢,维生素软糖 2021-02-23 13:35,JD.com,【Buff XBUFF X SLEEP】BUFF X SLEEP软糖GABA软糖无蔗糖哈欠糖果20粒*1盒【行情 报价 价格 评测】-京东,Sleep
82,"非常好的东西
累了困了来一颗",明目软糖 2021-02-23 10:00,JD.com,【Buff XBUFF X SLEEP】BUFF X SLEEP软糖GABA软糖无蔗糖哈欠糖果20粒*1盒【行情 报价 价格 评测】-京东,Sleep
83,不错不错，很喜欢,明目软糖 2021-02-22 00:37,JD.com,【Buff XBUFF X SLEEP】BUFF X SLEEP软糖GABA软糖无蔗糖哈欠糖果20粒*1盒【行情 报价 价格 评测】-京东,Sleep
84,不错不错，很喜欢,牛磺酸气泡含片 2021-02-21 12:16,JD.com,【Buff XBUFF X SLEEP】BUFF X SLEEP软糖GABA软糖无蔗糖哈欠糖果20粒*1盒【行情 报价 价格 评测】-京东,Sleep
85,不错不错，味道很好,维生素软糖 2021-02-20 08:29,JD.com,【Buff XBUFF X SLEEP】BUFF X SLEEP软糖GABA软糖无蔗糖哈欠糖果20粒*1盒【行情 报价 价格 评测】-京东,Sleep
86,不错不错不错，女朋友很喜欢，很好的东西，下次继续来光顾购买。很棒的东西，喝着就很好喝，非常不错，第一次喝一口就上瘾了，非常不错的东西呀比别的好喝很多,维生素软糖 2021-02-19 15:37,JD.com,【Buff XBUFF X SLEEP】BUFF X SLEEP软糖GABA软糖无蔗糖哈欠糖果20粒*1盒【行情 报价 价格 评测】-京东,Sleep
87,才买，还没开始用，物流很快，希望有效果,睡眠软糖 2021-02-19 10:36,JD.com,【Buff XBUFF X SLEEP】BUFF X SLEEP软糖GABA软糖无蔗糖哈欠糖果20粒*1盒【行情 报价 价格 评测】-京东,Sleep
88,吃了可以后感觉味道很好。,睡眠软糖 2021-02-18 14:23,JD.com,【Buff XBUFF X SLEEP】BUFF X SLEEP软糖GABA软糖无蔗糖哈欠糖果20粒*1盒【行情 报价 价格 评测】-京东,Sleep
89,毕竟是相当于两瓶红牛，真的牛,牛磺酸气泡含片 2021-02-18 13:10,JD.com,【Buff XBUFF X SLEEP】BUFF X SLEEP软糖GABA软糖无蔗糖哈欠糖果20粒*1盒【行情 报价 价格 评测】-京东,Sleep
90,这个真的超级好，我觉得行,明目软糖 2021-02-18 13:10,JD.com,【Buff XBUFF X SLEEP】BUFF X SLEEP软糖GABA软糖无蔗糖哈欠糖果20粒*1盒【行情 报价 价格 评测】-京东,Sleep
91,这货很好用,明目软糖 2021-02-18 12:40,JD.com,【Buff XBUFF X SLEEP】BUFF X SLEEP软糖GABA软糖无蔗糖哈欠糖果20粒*1盒【行情 报价 价格 评测】-京东,Sleep
92,挺不错的，很有新颖感,牛磺酸气泡含片 2021-02-16 17:13,JD.com,【Buff XBUFF X SLEEP】BUFF X SLEEP软糖GABA软糖无蔗糖哈欠糖果20粒*1盒【行情 报价 价格 评测】-京东,Sleep
93,很不错，分开小袋装，携带方便！开车备点，很不错！！,牛磺酸气泡含片 2021-02-15 10:50,JD.com,【Buff XBUFF X SLEEP】BUFF X SLEEP软糖GABA软糖无蔗糖哈欠糖果20粒*1盒【行情 报价 价格 评测】-京东,Sleep
94,特别好使,醒酒软糖 2021-02-15 00:02,JD.com,【Buff XBUFF X SLEEP】BUFF X SLEEP软糖GABA软糖无蔗糖哈欠糖果20粒*1盒【行情 报价 价格 评测】-京东,Sleep
95,刚收到就吃了一个，很Q，超级好吃。京东快递太给力了。点赞,维生素软糖*5 2021-02-13 20:52,JD.com,【Buff XBUFF X SLEEP】BUFF X SLEEP软糖GABA软糖无蔗糖哈欠糖果20粒*1盒【行情 报价 价格 评测】-京东,Sleep
96,超级可爱的宝贝。应该是好东西，吃了看看效果再来评价吧,睡眠软糖 2021-02-13 11:29,JD.com,【Buff XBUFF X SLEEP】BUFF X SLEEP软糖GABA软糖无蔗糖哈欠糖果20粒*1盒【行情 报价 价格 评测】-京东,Sleep
97,每1000个人里面，就有1000个哈利波特，这个物品非常好用，令人惊叹不已。只有曾经买过，才会明白它的好处。prefect~,餐前咀嚼糖 2021-02-12 00:55,JD.com,【Buff XBUFF X SLEEP】BUFF X SLEEP软糖GABA软糖无蔗糖哈欠糖果20粒*1盒【行情 报价 价格 评测】-京东,Sleep
98,快递速度很快包装工整,明目软糖 2021-02-09 10:21,JD.com,【Buff XBUFF X SLEEP】BUFF X SLEEP软糖GABA软糖无蔗糖哈欠糖果20粒*1盒【行情 报价 价格 评测】-京东,Sleep
99,快递速度很快包装工整,餐前咀嚼糖 2021-02-09 10:21,JD.com,【Buff XBUFF X SLEEP】BUFF X SLEEP软糖GABA软糖无蔗糖哈欠糖果20粒*1盒【行情 报价 价格 评测】-京东,Sleep
100,快递速度很快包装工整,维生素软糖*5 2021-02-09 10:20,JD.com,【Buff XBUFF X SLEEP】BUFF X SLEEP软糖GABA软糖无蔗糖哈欠糖果20粒*1盒【行情 报价 价格 评测】-京东,Sleep
101,味道很好酸甜,维生素软糖*5 2021-02-07 21:42,JD.com,【Buff XBUFF X SLEEP】BUFF X SLEEP软糖GABA软糖无蔗糖哈欠糖果20粒*1盒【行情 报价 价格 评测】-京东,Sleep
102,糖还是很好吃的 一下子就全吃完了忍不住。,维生素软糖 2021-02-06 23:24,JD.com,【Buff XBUFF X SLEEP】BUFF X SLEEP软糖GABA软糖无蔗糖哈欠糖果20粒*1盒【行情 报价 价格 评测】-京东,Sleep
103,很好，一觉睡到自然醒,睡眠软糖 2021-02-04 10:48,JD.com,【Buff XBUFF X SLEEP】BUFF X SLEEP软糖GABA软糖无蔗糖哈欠糖果20粒*1盒【行情 报价 价格 评测】-京东,Sleep
104,吃完睡得很香 午觉从没这么安心过,睡眠软糖 2021-02-01 18:11,JD.com,【Buff XBUFF X SLEEP】BUFF X SLEEP软糖GABA软糖无蔗糖哈欠糖果20粒*1盒【行情 报价 价格 评测】-京东,Sleep
105,味道不错，很好吃，下次还会再来的。,睡眠软糖 2021-01-31 15:41,JD.com,【Buff XBUFF X SLEEP】BUFF X SLEEP软糖GABA软糖无蔗糖哈欠糖果20粒*1盒【行情 报价 价格 评测】-京东,Sleep
106,效果非常好,睡眠软糖 2021-01-31 14:15,JD.com,【Buff XBUFF X SLEEP】BUFF X SLEEP软糖GABA软糖无蔗糖哈欠糖果20粒*1盒【行情 报价 价格 评测】-京东,Sleep
107,货收到，物流也很快，听朋友说这家店不错，收到比我想像的好，价格也实惠，值得购买好评,明目软糖 2021-01-31 12:52,JD.com,【Buff XBUFF X SLEEP】BUFF X SLEEP软糖GABA软糖无蔗糖哈欠糖果20粒*1盒【行情 报价 价格 评测】-京东,Sleep
108,物超所值，客服也不错，推荐,睡眠软糖 2021-01-29 17:38,JD.com,【Buff XBUFF X SLEEP】BUFF X SLEEP软糖GABA软糖无蔗糖哈欠糖果20粒*1盒【行情 报价 价格 评测】-京东,Sleep
109,保质期挺久的，口感很好，跟qq糖?差不多，味道也很好闻，发货也很快，值得信赖,牛磺酸气泡含片 2021-01-29 15:31,JD.com,【Buff XBUFF X SLEEP】BUFF X SLEEP软糖GABA软糖无蔗糖哈欠糖果20粒*1盒【行情 报价 价格 评测】-京东,Sleep
110,蛮不错的东西，快递公司很给力。,维生素软糖 2021-01-29 09:15,JD.com,【Buff XBUFF X SLEEP】BUFF X SLEEP软糖GABA软糖无蔗糖哈欠糖果20粒*1盒【行情 报价 价格 评测】-京东,Sleep
111,甜甜的，很喜欢吃，口感很好，带有嚼劲,维生素软糖 2021-01-27 21:35,JD.com,【Buff XBUFF X SLEEP】BUFF X SLEEP软糖GABA软糖无蔗糖哈欠糖果20粒*1盒【行情 报价 价格 评测】-京东,Sleep
112,非常棒，疫情期间还能收到货，心里暖暖的(??ω??),明目软糖 2021-01-27 19:02,JD.com,【Buff XBUFF X SLEEP】BUFF X SLEEP软糖GABA软糖无蔗糖哈欠糖果20粒*1盒【行情 报价 价格 评测】-京东,Sleep
113,非常棒，疫情期间还能收到货，心里暖暖的(??ω??),餐前咀嚼糖 2021-01-27 19:01,JD.com,【Buff XBUFF X SLEEP】BUFF X SLEEP软糖GABA软糖无蔗糖哈欠糖果20粒*1盒【行情 报价 价格 评测】-京东,Sleep
114,味道甜甜的，包装品质都挺好的，很有质感,维生素软糖 2021-01-27 18:06,JD.com,【Buff XBUFF X SLEEP】BUFF X SLEEP软糖GABA软糖无蔗糖哈欠糖果20粒*1盒【行情 报价 价格 评测】-京东,Sleep
115,收到了，浆果味比较浓，好吃，一不小心容易吃过头 ，包装很好看，非常酷炫,维生素软糖*5 2021-01-27 18:05,JD.com,【Buff XBUFF X SLEEP】BUFF X SLEEP软糖GABA软糖无蔗糖哈欠糖果20粒*1盒【行情 报价 价格 评测】-京东,Sleep
116,好看的盒子，里面是独立包装，非常容易携带，对于胖胖的女孩来说吃这些是为了阻断自身的碳水淀粉吸收很有必要的，打开像奶片一样，淡淡的水果口味，没有粉渣的感觉，入口即化,餐前咀嚼糖 2021-01-27 17:45,JD.com,【Buff XBUFF X SLEEP】BUFF X SLEEP软糖GABA软糖无蔗糖哈欠糖果20粒*1盒【行情 报价 价格 评测】-京东,Sleep
117,味道还行 效果是有的 物流也很快,牛磺酸气泡含片 2021-01-27 17:22,JD.com,【Buff XBUFF X SLEEP】BUFF X SLEEP软糖GABA软糖无蔗糖哈欠糖果20粒*1盒【行情 报价 价格 评测】-京东,Sleep
118,糖果造型很喜欢，独特独立包装卫生干净,睡眠软糖 2021-01-27 17:19,JD.com,【Buff XBUFF X SLEEP】BUFF X SLEEP软糖GABA软糖无蔗糖哈欠糖果20粒*1盒【行情 报价 价格 评测】-京东,Sleep
119,很不错哦，包装也特别好看，会继续回购，想试试其他颜色的，会继续关注回购,牛磺酸气泡含片 2021-01-27 17:13,JD.com,【Buff XBUFF X SLEEP】BUFF X SLEEP软糖GABA软糖无蔗糖哈欠糖果20粒*1盒【行情 报价 价格 评测】-京东,Sleep
120,物流很快，缓解疲劳不错,明目软糖 2021-01-27 16:36,JD.com,【Buff XBUFF X SLEEP】BUFF X SLEEP软糖GABA软糖无蔗糖哈欠糖果20粒*1盒【行情 报价 价格 评测】-京东,Sleep
121,帮助阻断糖和卡路里的吸收，大餐前必备，小小一包很方便。,餐前咀嚼糖 2021-01-27 14:59,JD.com,【Buff XBUFF X SLEEP】BUFF X SLEEP软糖GABA软糖无蔗糖哈欠糖果20粒*1盒【行情 报价 价格 评测】-京东,Sleep
122,独立包装非常好，轻度失眠两颗就够了，橙子汁味道非常好,维生素软糖 2021-01-27 13:45,JD.com,【Buff XBUFF X SLEEP】BUFF X SLEEP软糖GABA软糖无蔗糖哈欠糖果20粒*1盒【行情 报价 价格 评测】-京东,Sleep
123,糖非常好吃，吃了几天，睡眠质量都变好了，分享给好友,维生素软糖 2021-01-27 13:05,JD.com,【Buff XBUFF X SLEEP】BUFF X SLEEP软糖GABA软糖无蔗糖哈欠糖果20粒*1盒【行情 报价 价格 评测】-京东,Sleep
124,包装完好无损，保质期新鲜一年半，口感就像QQ糖，味道很好闻，第一次食用，第二天早上依旧犯困，想睡觉,餐前咀嚼糖 2021-01-27 12:33,JD.com,【Buff XBUFF X SLEEP】BUFF X SLEEP软糖GABA软糖无蔗糖哈欠糖果20粒*1盒【行情 报价 价格 评测】-京东,Sleep
125,物流很快，物品完好无损，用起来很舒服，喜欢?跟我在实体店买的一模一样！还是一样的好用，开心这质量真是太意外了，实物美美哒，触感很好，很推荐哦~,鼓掌软糖 2021-01-27 01:08,JD.com,【Buff XBUFF X SLEEP】BUFF X SLEEP软糖GABA软糖无蔗糖哈欠糖果20粒*1盒【行情 报价 价格 评测】-京东,Sleep
126,物流很快，味道很好，有需要的亲可以购买,维生素软糖*5 2021-01-26 22:15,JD.com,【Buff XBUFF X SLEEP】BUFF X SLEEP软糖GABA软糖无蔗糖哈欠糖果20粒*1盒【行情 报价 价格 评测】-京东,Sleep
127,已经收货几天差不多吃完了，软糖味道很好，酸酸甜甜的，好吃又能阻断卡路里，两全其美,维生素软糖*5 2021-01-26 21:32,JD.com,【Buff XBUFF X SLEEP】BUFF X SLEEP软糖GABA软糖无蔗糖哈欠糖果20粒*1盒【行情 报价 价格 评测】-京东,Sleep
128,物流快，包装很好看，酸酸甜甜的好吃又能补充维生素，直得购买,维生素软糖 2021-01-26 21:25,JD.com,【Buff XBUFF X SLEEP】BUFF X SLEEP软糖GABA软糖无蔗糖哈欠糖果20粒*1盒【行情 报价 价格 评测】-京东,Sleep
129,包装很好，没有破损，酸酸甜甜特别好吃，和实体店的一样，但是价格便宜好多,明目软糖 2021-01-26 21:01,JD.com,【Buff XBUFF X SLEEP】BUFF X SLEEP软糖GABA软糖无蔗糖哈欠糖果20粒*1盒【行情 报价 价格 评测】-京东,Sleep
130,糖果非常不错，软软的很甜，就跟真的糖果一样！效果也很不错！,维生素软糖*5 2021-01-26 20:42,JD.com,【Buff XBUFF X SLEEP】BUFF X SLEEP软糖GABA软糖无蔗糖哈欠糖果20粒*1盒【行情 报价 价格 评测】-京东,Sleep
131,日期比较新鲜 ，包装看上去很卡通。也特别可爱，试了以后追加评论…主要是第一次买，希望有效…物流很快发货很快,餐前咀嚼糖 2021-01-26 20:38,JD.com,【Buff XBUFF X SLEEP】BUFF X SLEEP软糖GABA软糖无蔗糖哈欠糖果20粒*1盒【行情 报价 价格 评测】-京东,Sleep
132,带着酸甜味，维C软糖真的太好吃了，可以增**生素，预防感冒，效果真是棒棒的,明目软糖 2021-01-26 15:29,JD.com,【Buff XBUFF X SLEEP】BUFF X SLEEP软糖GABA软糖无蔗糖哈欠糖果20粒*1盒【行情 报价 价格 评测】-京东,Sleep
133,年前大餐前必备，独立包装小小一包很方便，帮助阻断糖和卡路里的吸收，味道不错,餐前咀嚼糖 2021-01-26 13:16,JD.com,【Buff XBUFF X SLEEP】BUFF X SLEEP软糖GABA软糖无蔗糖哈欠糖果20粒*1盒【行情 报价 价格 评测】-京东,Sleep
134,东西很不错，非常满意，用过才来评价，推荐给大家！！！,维生素软糖 2021-01-26 10:40,JD.com,【Buff XBUFF X SLEEP】BUFF X SLEEP软糖GABA软糖无蔗糖哈欠糖果20粒*1盒【行情 报价 价格 评测】-京东,Sleep
135,收到吃上了，无蔗糖很健康，造型可爱十足，软软的口感非常好,睡眠软糖 2021-01-25 22:03,JD.com,【Buff XBUFF X SLEEP】BUFF X SLEEP软糖GABA软糖无蔗糖哈欠糖果20粒*1盒【行情 报价 价格 评测】-京东,Sleep
136,超级喜欢，很好吃，酸酸软软，而且不粘牙，包装也很漂亮，日期很新,维生素软糖*5 2021-01-25 21:08,JD.com,【Buff XBUFF X SLEEP】BUFF X SLEEP软糖GABA软糖无蔗糖哈欠糖果20粒*1盒【行情 报价 价格 评测】-京东,Sleep
137,哇真的很醒脑晚上困了来一片能量满满。,牛磺酸气泡含片 2021-01-25 17:58,JD.com,【Buff XBUFF X SLEEP】BUFF X SLEEP软糖GABA软糖无蔗糖哈欠糖果20粒*1盒【行情 报价 价格 评测】-京东,Sleep
138,发货很快的，吃着味道还不错，助眠和缓解疲劳劳效果很好，喜欢满意,明目软糖 2021-01-25 17:36,JD.com,【Buff XBUFF X SLEEP】BUFF X SLEEP软糖GABA软糖无蔗糖哈欠糖果20粒*1盒【行情 报价 价格 评测】-京东,Sleep
139,发货很快，包装的很好，味道也不错，酸酸甜甜！,睡眠软糖 2021-01-25 16:46,JD.com,【Buff XBUFF X SLEEP】BUFF X SLEEP软糖GABA软糖无蔗糖哈欠糖果20粒*1盒【行情 报价 价格 评测】-京东,Sleep
140,朋友推荐买的，压力大 最近老是睡不好，晚上醒好几次，希望吃了真的有帮助，包装特别 看起来还不错，分量很足,明目软糖 2021-01-25 15:03,JD.com,【Buff XBUFF X SLEEP】BUFF X SLEEP软糖GABA软糖无蔗糖哈欠糖果20粒*1盒【行情 报价 价格 评测】-京东,Sleep
141,特别好吃，水果味的糖果，反正我是很喜欢，还0脂哦，各位姐妹们赶紧下手吧！,维生素软糖 2021-01-25 09:07,JD.com,【Buff XBUFF X SLEEP】BUFF X SLEEP软糖GABA软糖无蔗糖哈欠糖果20粒*1盒【行情 报价 价格 评测】-京东,Sleep
142,造型可爱，很喜欢这个味道，不甜不腻的，功能强大，提神醒脑,牛磺酸气泡含片 2021-01-24 20:50,JD.com,【Buff XBUFF X SLEEP】BUFF X SLEEP软糖GABA软糖无蔗糖哈欠糖果20粒*1盒【行情 报价 价格 评测】-京东,Sleep
143,物流快，糖是橙汁的味道，我喜欢，软软的不甜不腻的，口感非常好,维生素软糖*5 2021-01-24 20:49,JD.com,【Buff XBUFF X SLEEP】BUFF X SLEEP软糖GABA软糖无蔗糖哈欠糖果20粒*1盒【行情 报价 价格 评测】-京东,Sleep
144,很喜欢这个味道，不甜不腻的，很合适,明目软糖 2021-01-24 20:40,JD.com,【Buff XBUFF X SLEEP】BUFF X SLEEP软糖GABA软糖无蔗糖哈欠糖果20粒*1盒【行情 报价 价格 评测】-京东,Sleep
145,口感很不错，助睡疗法很好，下次继续光顾,睡眠软糖 2021-01-24 20:33,JD.com,【Buff XBUFF X SLEEP】BUFF X SLEEP软糖GABA软糖无蔗糖哈欠糖果20粒*1盒【行情 报价 价格 评测】-京东,Sleep
146,物流快，包装精致小巧，产品不错，味道很好，有效果的话会继续关注的,餐前咀嚼糖 2021-01-24 15:29,JD.com,【Buff XBUFF X SLEEP】BUFF X SLEEP软糖GABA软糖无蔗糖哈欠糖果20粒*1盒【行情 报价 价格 评测】-京东,Sleep
147,很喜欢这个橙子味，包装简单特别，味道酸酸的甜甜的，跟糖果差不多,维生素软糖 2021-01-24 12:49,JD.com,【Buff XBUFF X SLEEP】BUFF X SLEEP软糖GABA软糖无蔗糖哈欠糖果20粒*1盒【行情 报价 价格 评测】-京东,Sleep
148,发货速度很快，包装严实完好无损，对于天天加班的人来说，效果很理想，吃一颗睡意全无，还有精神，值得购买！,明目软糖 2021-01-24 11:06,JD.com,【Buff XBUFF X SLEEP】BUFF X SLEEP软糖GABA软糖无蔗糖哈欠糖果20粒*1盒【行情 报价 价格 评测】-京东,Sleep
149,vc软糖酸酸甜甜味道很棒，补充vc既能美白又可以提高抵抗力，关键容易坚持，包装也很漂亮,维生素软糖 2021-01-24 10:56,JD.com,【Buff XBUFF X SLEEP】BUFF X SLEEP软糖GABA软糖无蔗糖哈欠糖果20粒*1盒【行情 报价 价格 评测】-京东,Sleep
150,口感不错，无糖的也很健康，价格实惠，还会来的,睡眠软糖 2021-01-23 20:56,JD.com,【Buff XBUFF X SLEEP】BUFF X SLEEP软糖GABA软糖无蔗糖哈欠糖果20粒*1盒【行情 报价 价格 评测】-京东,Sleep
151,首先给客服点赞，买之前客服就一直耐心回答我的问题，东西收到后由于操作不熟练，发生器我安装不对，客服细心地教我安装，其实安装是很简单的。使用后，真心感觉此商品不错，首先样子是我喜欢的，也是比较了很多品牌后才决定买这款的。其次，洗出来的果蔬看着确实干净，手感没有油腻滑溜的感觉，很是清爽、涩的感觉。最后，果蔬生吃后没有拉肚子现象。,餐前咀嚼糖 2021-01-23 20:31,JD.com,【Buff XBUFF X SLEEP】BUFF X SLEEP软糖GABA软糖无蔗糖哈欠糖果20粒*1盒【行情 报价 价格 评测】-京东,Sleep
152,物流挺快的，包装的也不错，口味纯正，很满意,餐前咀嚼糖 2021-01-23 09:47,JD.com,【Buff XBUFF X SLEEP】BUFF X SLEEP软糖GABA软糖无蔗糖哈欠糖果20粒*1盒【行情 报价 价格 评测】-京东,Sleep
153,快递很快就收到了，包装完好精致，味道挺好，甜甜的，晚上可以美美的睡一觉了,明目软糖 2021-01-23 09:09,JD.com,【Buff XBUFF X SLEEP】BUFF X SLEEP软糖GABA软糖无蔗糖哈欠糖果20粒*1盒【行情 报价 价格 评测】-京东,Sleep
154,收到货了，物流很快，服务周到，价格合理，满意的一次购物。,牛磺酸气泡含片 2021-01-22 23:17,JD.com,【Buff XBUFF X SLEEP】BUFF X SLEEP软糖GABA软糖无蔗糖哈欠糖果20粒*1盒【行情 报价 价格 评测】-京东,Sleep
155,收到货了，物流很快，服务周到，价格合理，挺不错的。,维生素软糖 2021-01-22 22:57,JD.com,【Buff XBUFF X SLEEP】BUFF X SLEEP软糖GABA软糖无蔗糖哈欠糖果20粒*1盒【行情 报价 价格 评测】-京东,Sleep
156,包装很精致，独立包装方便，橙子汁的味道很不错，会继续回购,维生素软糖*5 2021-01-22 21:27,JD.com,【Buff XBUFF X SLEEP】BUFF X SLEEP软糖GABA软糖无蔗糖哈欠糖果20粒*1盒【行情 报价 价格 评测】-京东,Sleep
157,物流快，包装好，试了几颗很不错,睡眠软糖 2021-01-22 20:42,JD.com,【Buff XBUFF X SLEEP】BUFF X SLEEP软糖GABA软糖无蔗糖哈欠糖果20粒*1盒【行情 报价 价格 评测】-京东,Sleep
158,大餐救星帮助阻断糖和卡路里的吸收，节日大餐前必备，独立的小小一包很方便。,餐前咀嚼糖 2021-01-22 19:20,JD.com,【Buff XBUFF X SLEEP】BUFF X SLEEP软糖GABA软糖无蔗糖哈欠糖果20粒*1盒【行情 报价 价格 评测】-京东,Sleep
159,护眼糖吃起来的味道非常喜欢，感觉效果很好的，包装严实完好，店家值得信奈，还会回购的。,明目软糖 2021-01-22 16:27,JD.com,【Buff XBUFF X SLEEP】BUFF X SLEEP软糖GABA软糖无蔗糖哈欠糖果20粒*1盒【行情 报价 价格 评测】-京东,Sleep
160,物流很快就到了，东西很不错，软软QQ的，微甜，有助睡眠，满意,睡眠软糖 2021-01-22 16:23,JD.com,【Buff XBUFF X SLEEP】BUFF X SLEEP软糖GABA软糖无蔗糖哈欠糖果20粒*1盒【行情 报价 价格 评测】-京东,Sleep
161,物流快，包装特别，独立小包装很卫生，造型小怪兽一样的，酸甜可口，味道很不错呢,牛磺酸气泡含片 2021-01-22 15:42,JD.com,【Buff XBUFF X SLEEP】BUFF X SLEEP软糖GABA软糖无蔗糖哈欠糖果20粒*1盒【行情 报价 价格 评测】-京东,Sleep
162,包装很精美 看着应该不错，希望对睡眠有用，味道跟软糖一样甜甜的，挺好吃，日期也很新鲜。,维生素软糖*5 2021-01-22 15:05,JD.com,【Buff XBUFF X SLEEP】BUFF X SLEEP软糖GABA软糖无蔗糖哈欠糖果20粒*1盒【行情 报价 价格 评测】-京东,Sleep
163,橙子味很足，软软的口感特别好，补充维生素对身体好，抵抗力更强,维生素软糖*5 2021-01-22 14:30,JD.com,【Buff XBUFF X SLEEP】BUFF X SLEEP软糖GABA软糖无蔗糖哈欠糖果20粒*1盒【行情 报价 价格 评测】-京东,Sleep
164,包装很好，味道不错好吃，甜甜的喜欢，客服态度好，物美价廉，,明目软糖 2021-01-22 13:42,JD.com,【Buff XBUFF X SLEEP】BUFF X SLEEP软糖GABA软糖无蔗糖哈欠糖果20粒*1盒【行情 报价 价格 评测】-京东,Sleep
165,易胖体质再也不怕多吃了！节日难免会不自觉吃很多东西，有了这个就不用担心吃多发福啦！太好啦！,餐前咀嚼糖 2021-01-22 13:04,JD.com,【Buff XBUFF X SLEEP】BUFF X SLEEP软糖GABA软糖无蔗糖哈欠糖果20粒*1盒【行情 报价 价格 评测】-京东,Sleep
166,收到了，物流很快，包装很精美，味道也很好，效果不错，卖家服务态度很好，值得推荐,牛磺酸气泡含片 2021-01-22 12:38,JD.com,【Buff XBUFF X SLEEP】BUFF X SLEEP软糖GABA软糖无蔗糖哈欠糖果20粒*1盒【行情 报价 价格 评测】-京东,Sleep
167,包装的精美，漂亮，吃着甜甜的，很不错，缓解疲劳，累了来两颗，挺满意的,明目软糖 2021-01-22 12:08,JD.com,【Buff XBUFF X SLEEP】BUFF X SLEEP软糖GABA软糖无蔗糖哈欠糖果20粒*1盒【行情 报价 价格 评测】-京东,Sleep
168,口感很不错，包装严实，用着效果很好。卖家发货快，服务态度好，好评！,明目软糖 2021-01-22 12:08,JD.com,【Buff XBUFF X SLEEP】BUFF X SLEEP软糖GABA软糖无蔗糖哈欠糖果20粒*1盒【行情 报价 价格 评测】-京东,Sleep
169,包装很好。日期新鲜，奶片口感好吃了一天，没有什么不舒服，坚持使用期待效果。,餐前咀嚼糖 2021-01-22 09:06,JD.com,【Buff XBUFF X SLEEP】BUFF X SLEEP软糖GABA软糖无蔗糖哈欠糖果20粒*1盒【行情 报价 价格 评测】-京东,Sleep
170,包装好，品质好，包装日期新鲜，果味很浓，我和闺蜜都爱吃，推荐哦,明目软糖 2021-01-21 18:40,JD.com,【Buff XBUFF X SLEEP】BUFF X SLEEP软糖GABA软糖无蔗糖哈欠糖果20粒*1盒【行情 报价 价格 评测】-京东,Sleep
171,包装很有新意，口感很好，酸酸甜甜，持续用一段时间，看看效果怎么样,餐前咀嚼糖 2021-01-21 18:40,JD.com,【Buff XBUFF X SLEEP】BUFF X SLEEP软糖GABA软糖无蔗糖哈欠糖果20粒*1盒【行情 报价 价格 评测】-京东,Sleep
172,个人感觉味道不错，很好吃 酸酸甜甜的，水果味道很浓郁 而且价格也很合适,牛磺酸气泡含片 2021-01-21 18:18,JD.com,【Buff XBUFF X SLEEP】BUFF X SLEEP软糖GABA软糖无蔗糖哈欠糖果20粒*1盒【行情 报价 价格 评测】-京东,Sleep
173,酸酸甜甜很好吃，小朋友也很喜欢这个味道,维生素软糖 2021-01-21 17:27,JD.com,【Buff XBUFF X SLEEP】BUFF X SLEEP软糖GABA软糖无蔗糖哈欠糖果20粒*1盒【行情 报价 价格 评测】-京东,Sleep
174,超级满意，快递也很给力，囤了不少货，够吃一阵子了！我自己换了一个袋子，比较好收纳。要不然有点占地儿。 强烈推荐绿色的糖，对舒缓眼睛非常有帮助,明目软糖 2021-01-21 17:17,JD.com,【Buff XBUFF X SLEEP】BUFF X SLEEP软糖GABA软糖无蔗糖哈欠糖果20粒*1盒【行情 报价 价格 评测】-京东,Sleep
175,这个糖果很棒，酸酸甜甜乳酸菌，味道很棒随餐吃。喜欢,餐前咀嚼糖 2021-01-21 17:02,JD.com,【Buff XBUFF X SLEEP】BUFF X SLEEP软糖GABA软糖无蔗糖哈欠糖果20粒*1盒【行情 报价 价格 评测】-京东,Sleep
176,物流很快，包装精美，口感很好，酸酸甜甜的。缓解睡眠效果很好。,明目软糖 2021-01-21 16:19,JD.com,【Buff XBUFF X SLEEP】BUFF X SLEEP软糖GABA软糖无蔗糖哈欠糖果20粒*1盒【行情 报价 价格 评测】-京东,Sleep
177,货收到了物流非常快，产品非常好好，一直买他家的，客服服务非常好，关键是产品也非常的不错，值得推荐,维生素软糖*5 2021-01-21 11:27,JD.com,【Buff XBUFF X SLEEP】BUFF X SLEEP软糖GABA软糖无蔗糖哈欠糖果20粒*1盒【行情 报价 价格 评测】-京东,Sleep
178,物流很快，服务态度很好，质量不错，价格实惠，效果不错，值得购买或者推荐朋友一起,维生素软糖 2021-01-21 11:06,JD.com,【Buff XBUFF X SLEEP】BUFF X SLEEP软糖GABA软糖无蔗糖哈欠糖果20粒*1盒【行情 报价 价格 评测】-京东,Sleep
179,包装很精美，整整20颗，够吃十餐吧，就是糖果的味道，很好吃，舒缓压力,睡眠软糖 2021-01-20 21:32,JD.com,【Buff XBUFF X SLEEP】BUFF X SLEEP软糖GABA软糖无蔗糖哈欠糖果20粒*1盒【行情 报价 价格 评测】-京东,Sleep
180,收到后马上吃了两颗，味道还是不错的，不知道助眠效果怎么样，包装很精致特别，总体来说不错,餐前咀嚼糖 2021-01-20 13:03,JD.com,【Buff XBUFF X SLEEP】BUFF X SLEEP软糖GABA软糖无蔗糖哈欠糖果20粒*1盒【行情 报价 价格 评测】-京东,Sleep
181,包装很好看，收到就吃上了，很不错，甜甜的，最近忙新公司的事情，经常熬夜，作息不正常，来一颗非常有必要,维生素软糖 2021-01-20 11:39,JD.com,【Buff XBUFF X SLEEP】BUFF X SLEEP软糖GABA软糖无蔗糖哈欠糖果20粒*1盒【行情 报价 价格 评测】-京东,Sleep
182,塑料盒子包装很可爱，还送了小礼物，日期也是新鲜的，一共二十粒，老公说很好吃，比旺仔QQ糖还好吃，吃完心情开心又放松,餐前咀嚼糖 2021-01-20 10:45,JD.com,【Buff XBUFF X SLEEP】BUFF X SLEEP软糖GABA软糖无蔗糖哈欠糖果20粒*1盒【行情 报价 价格 评测】-京东,Sleep
183,好的！不错的宝贝儿,鼓掌软糖 2021-02-18 17:05,JD.com,【Buff XBUFF X SLEEP】BUFF X SLEEP软糖GABA软糖无蔗糖哈欠糖果20粒*1盒【行情 报价 价格 评测】-京东,Sleep
184,第二次购买了，味道不错，而且确实有一定效果，吃了把手机关机闭眼几分钟后就入睡了,牛磺酸气泡含片 2021-01-20 12:10,JD.com,【Buff XBUFF X SLEEP】BUFF X SLEEP软糖GABA软糖无蔗糖哈欠糖果20粒*1盒【行情 报价 价格 评测】-京东,Sleep
185,还行 几乎没有困感了,牛磺酸气泡含片 2021-03-04 15:54,JD.com,【Buff XBUFF X SLEEP】BUFF X SLEEP软糖GABA软糖无蔗糖哈欠糖果20粒*1盒【行情 报价 价格 评测】-京东,Sleep
186,提神醒脑，效果不错，使用方便,牛磺酸气泡含片 2021-03-03 22:08,JD.com,【Buff XBUFF X SLEEP】BUFF X SLEEP软糖GABA软糖无蔗糖哈欠糖果20粒*1盒【行情 报价 价格 评测】-京东,Sleep
187,独立包装，餐前两颗，食用便利。,餐前咀嚼糖 2021-03-02 23:38,JD.com,【Buff XBUFF X SLEEP】BUFF X SLEEP软糖GABA软糖无蔗糖哈欠糖果20粒*1盒【行情 报价 价格 评测】-京东,Sleep
188,效果的还是有点的，我是吃一粒，有困意，估计两粒正合适，我是不知道吃完有什么作用，所以我想的是还是循序渐进吧，还是先吃一颗,睡眠软糖 2021-03-02 12:53,JD.com,【Buff XBUFF X SLEEP】BUFF X SLEEP软糖GABA软糖无蔗糖哈欠糖果20粒*1盒【行情 报价 价格 评测】-京东,Sleep
189,吃点尾有点苦涩，开头像红牛感觉。感觉还不错，困了就吃一颗,牛磺酸气泡含片 2021-02-28 23:03,JD.com,【Buff XBUFF X SLEEP】BUFF X SLEEP软糖GABA软糖无蔗糖哈欠糖果20粒*1盒【行情 报价 价格 评测】-京东,Sleep
190,日期新鲜，味道好，不是很甜。一点点酸。酸甜适口。维生素C对皮肤好。补充补充。这次买的维生素C感觉很好，在用其它产品。鼓掌糖试试???,维生素软糖 2021-02-28 10:06,JD.com,【Buff XBUFF X SLEEP】BUFF X SLEEP软糖GABA软糖无蔗糖哈欠糖果20粒*1盒【行情 报价 价格 评测】-京东,Sleep
191,口感不错，有助眠效果！,睡眠软糖 2021-02-27 14:50,JD.com,【Buff XBUFF X SLEEP】BUFF X SLEEP软糖GABA软糖无蔗糖哈欠糖果20粒*1盒【行情 报价 价格 评测】-京东,Sleep
192,入口凉爽，对身体能量有补充作用。,牛磺酸气泡含片 2021-02-27 14:48,JD.com,【Buff XBUFF X SLEEP】BUFF X SLEEP软糖GABA软糖无蔗糖哈欠糖果20粒*1盒【行情 报价 价格 评测】-京东,Sleep
193,给儿子买的，发货快，就是价钱不便宜啊，现在的孩子真会花钱。,牛磺酸气泡含片 2021-02-25 12:43,JD.com,【Buff XBUFF X SLEEP】BUFF X SLEEP软糖GABA软糖无蔗糖哈欠糖果20粒*1盒【行情 报价 价格 评测】-京东,Sleep
194,"发货好快，颜值高的，可爱(づ ●─● )づ包装都挺精致的_(:з」∠)_商家用心了(?>?<?）～～
看颜值就知道要入手啦(づ ●─● )づ果真是新产品，之前一直没有接触过，看着成份都是好东西?( 'ω' )?",餐前咀嚼糖 2021-02-19 23:43,JD.com,【Buff XBUFF X SLEEP】BUFF X SLEEP软糖GABA软糖无蔗糖哈欠糖果20粒*1盒【行情 报价 价格 评测】-京东,Sleep
195,挺好的，针不戳，为了宁静都水水,牛磺酸气泡含片 2021-02-19 17:58,JD.com,【Buff XBUFF X SLEEP】BUFF X SLEEP软糖GABA软糖无蔗糖哈欠糖果20粒*1盒【行情 报价 价格 评测】-京东,Sleep
196,挺不错！味道挺好的！,牛磺酸气泡含片 2021-02-15 09:42,JD.com,【Buff XBUFF X SLEEP】BUFF X SLEEP软糖GABA软糖无蔗糖哈欠糖果20粒*1盒【行情 报价 价格 评测】-京东,Sleep
197,好吃熬夜眼睛不舒服吃一个挺好,明目软糖 2021-02-15 09:42,JD.com,【Buff XBUFF X SLEEP】BUFF X SLEEP软糖GABA软糖无蔗糖哈欠糖果20粒*1盒【行情 报价 价格 评测】-京东,Sleep
198,挺好。,睡眠软糖 2021-02-14 22:14,JD.com,【Buff XBUFF X SLEEP】BUFF X SLEEP软糖GABA软糖无蔗糖哈欠糖果20粒*1盒【行情 报价 价格 评测】-京东,Sleep
199,包装完好。能提神醒脑。,牛磺酸气泡含片 2021-02-13 19:46,JD.com,【Buff XBUFF X SLEEP】BUFF X SLEEP软糖GABA软糖无蔗糖哈欠糖果20粒*1盒【行情 报价 价格 评测】-京东,Sleep
200,新品尝试 期待效果 携带方便 口味不错,牛磺酸气泡含片 2021-02-11 09:43,JD.com,【Buff XBUFF X SLEEP】BUFF X SLEEP软糖GABA软糖无蔗糖哈欠糖果20粒*1盒【行情 报价 价格 评测】-京东,Sleep
201,味道不错，口感和橡皮糖差不错,睡眠软糖 2021-02-08 13:43,JD.com,【Buff XBUFF X SLEEP】BUFF X SLEEP软糖GABA软糖无蔗糖哈欠糖果20粒*1盒【行情 报价 价格 评测】-京东,Sleep
202,包装和味道都还行，有点泡腾片的味道，可以提神还不错,牛磺酸气泡含片 2021-02-03 21:44,JD.com,【Buff XBUFF X SLEEP】BUFF X SLEEP软糖GABA软糖无蔗糖哈欠糖果20粒*1盒【行情 报价 价格 评测】-京东,Sleep
203,不错不错,牛磺酸气泡含片 2021-02-01 13:54,JD.com,【Buff XBUFF X SLEEP】BUFF X SLEEP软糖GABA软糖无蔗糖哈欠糖果20粒*1盒【行情 报价 价格 评测】-京东,Sleep
204,好评！,明目软糖 2021-01-28 21:24,JD.com,【Buff XBUFF X SLEEP】BUFF X SLEEP软糖GABA软糖无蔗糖哈欠糖果20粒*1盒【行情 报价 价格 评测】-京东,Sleep
205,还挺好吃的，效果不错,明目软糖 2021-01-24 12:52,JD.com,【Buff XBUFF X SLEEP】BUFF X SLEEP软糖GABA软糖无蔗糖哈欠糖果20粒*1盒【行情 报价 价格 评测】-京东,Sleep
206,有点酸酸的，味道挺好，包装真的不错，助眠效果也可以，有时候给宝宝闹得精神不太好，这个当零嘴也可以！,睡眠软糖 2021-01-23 07:38,JD.com,【Buff XBUFF X SLEEP】BUFF X SLEEP软糖GABA软糖无蔗糖哈欠糖果20粒*1盒【行情 报价 价格 评测】-京东,Sleep
207,味道不错，口感可以，包装精致，美好的享受，推荐,睡眠软糖 2021-01-22 17:09,JD.com,【Buff XBUFF X SLEEP】BUFF X SLEEP软糖GABA软糖无蔗糖哈欠糖果20粒*1盒【行情 报价 价格 评测】-京东,Sleep
208,收到了，物流快，包装不错，还送了很多小礼物，还没吃，希望有效果吧,餐前咀嚼糖 2021-01-20 18:50,JD.com,【Buff XBUFF X SLEEP】BUFF X SLEEP软糖GABA软糖无蔗糖哈欠糖果20粒*1盒【行情 报价 价格 评测】-京东,Sleep
209,包装不错，物流送货快，最近工作压力大，看着这标题好奇，买一盒试试，味道还是不错的，希望有效果！,维生素软糖*5 2021-01-20 18:06,JD.com,【Buff XBUFF X SLEEP】BUFF X SLEEP软糖GABA软糖无蔗糖哈欠糖果20粒*1盒【行情 报价 价格 评测】-京东,Sleep
210,东西收到了，不错，现在还没食用，准备明天晚上去找几个朋友吃饭试试，新奇的好喜欢试试,维生素软糖 2021-01-20 14:47,JD.com,【Buff XBUFF X SLEEP】BUFF X SLEEP软糖GABA软糖无蔗糖哈欠糖果20粒*1盒【行情 报价 价格 评测】-京东,Sleep
211,包装不错，朋友推荐来的，用了几天了效果可以，我属于轻度困扰者，有时候工作太多太忙就睡眠不好，有了这个很不错啊,睡眠软糖 2021-01-20 14:00,JD.com,【Buff XBUFF X SLEEP】BUFF X SLEEP软糖GABA软糖无蔗糖哈欠糖果20粒*1盒【行情 报价 价格 评测】-京东,Sleep
212,快递快，产品包装精致，独立包装又卫生赶紧，方便携带，真实评价，喜欢的朋友们放心购。,维生素软糖 2021-01-20 13:55,JD.com,【Buff XBUFF X SLEEP】BUFF X SLEEP软糖GABA软糖无蔗糖哈欠糖果20粒*1盒【行情 报价 价格 评测】-京东,Sleep
213,朋友推荐买的，吃了一盒，真的不错，睡眠质量提高了,明目软糖 2021-01-20 10:59,JD.com,【Buff XBUFF X SLEEP】BUFF X SLEEP软糖GABA软糖无蔗糖哈欠糖果20粒*1盒【行情 报价 价格 评测】-京东,Sleep
214,不错，蛮好吃的，比我在店铺买的便宜！吃完回购点,维生素软糖*5 2021-01-20 09:17,JD.com,【Buff XBUFF X SLEEP】BUFF X SLEEP软糖GABA软糖无蔗糖哈欠糖果20粒*1盒【行情 报价 价格 评测】-京东,Sleep
215,真的是无糖的！现在每天吃一包，解馋又能够补充叶黄素酯。真的不错,睡眠软糖 2021-01-27 19:42,JD.com,【Buff XBUFF X SLEEP】BUFF X SLEEP软糖GABA软糖无蔗糖哈欠糖果20粒*1盒【行情 报价 价格 评测】-京东,Sleep
216,软糖不错，qq弹弹的，味道酸酸甜甜的，还能补充维生素，大爱！,睡眠软糖 2021-01-23 13:35,JD.com,【Buff XBUFF X SLEEP】BUFF X SLEEP软糖GABA软糖无蔗糖哈欠糖果20粒*1盒【行情 报价 价格 评测】-京东,Sleep
217,口感挺好的，效果也不错！需要还会再来！,睡眠软糖 2021-01-23 10:36,JD.com,【Buff XBUFF X SLEEP】BUFF X SLEEP软糖GABA软糖无蔗糖哈欠糖果20粒*1盒【行情 报价 价格 评测】-京东,Sleep
218,首先是包装盒很好看，尝了味道还不错，有的甜甜的，果汁味，至于功效就不知道了，可能是刚开始吃，效果不明显，希望店家可以出点新品，继续关注,维生素软糖 2021-01-19 14:32,JD.com,【Buff XBUFF X SLEEP】BUFF X SLEEP软糖GABA软糖无蔗糖哈欠糖果20粒*1盒【行情 报价 价格 评测】-京东,Sleep
219,买了三盒，口味还不错，还是要配合减脂效果才能达到最好。,白芸豆咀嚼糖 2021-03-09 09:19,JD.com,【Buff XBUFF X SLEEP】BUFF X SLEEP软糖GABA软糖无蔗糖哈欠糖果20粒*1盒【行情 报价 价格 评测】-京东,Sleep
220,看可以的不要犹豫了哦，样子也和图片一样整体来说还行，赞，。，,维生素软糖 2021-03-08 23:56,JD.com,【Buff XBUFF X SLEEP】BUFF X SLEEP软糖GABA软糖无蔗糖哈欠糖果20粒*1盒【行情 报价 价格 评测】-京东,Sleep
221,味道可以，有提神的作用。,牛磺酸气泡含片 2021-03-08 23:08,JD.com,【Buff XBUFF X SLEEP】BUFF X SLEEP软糖GABA软糖无蔗糖哈欠糖果20粒*1盒【行情 报价 价格 评测】-京东,Sleep
222,第一次买刚刚入口没什么感觉，后面会变苦，吃完效果还不错没有睡意了,牛磺酸气泡含片 2021-03-08 21:16,JD.com,【Buff XBUFF X SLEEP】BUFF X SLEEP软糖GABA软糖无蔗糖哈欠糖果20粒*1盒【行情 报价 价格 评测】-京东,Sleep
223,确实有效已经是回购了，而且这次价格也比较优惠，睡觉确实比之前多好了，感觉入睡容易了不少,GABA软糖 2021-03-08 09:50,JD.com,【Buff XBUFF X SLEEP】BUFF X SLEEP软糖GABA软糖无蔗糖哈欠糖果20粒*1盒【行情 报价 价格 评测】-京东,Sleep
224,还行，孩子喜欢吃,叶黄素软糖 2021-03-07 19:37,JD.com,【Buff XBUFF X SLEEP】BUFF X SLEEP软糖GABA软糖无蔗糖哈欠糖果20粒*1盒【行情 报价 价格 评测】-京东,Sleep
225,味道和效果都不错,GABA软糖 2021-03-07 17:31,JD.com,【Buff XBUFF X SLEEP】BUFF X SLEEP软糖GABA软糖无蔗糖哈欠糖果20粒*1盒【行情 报价 价格 评测】-京东,Sleep
226,挺好的,牛磺酸气泡含片 2021-03-06 00:29,JD.com,【Buff XBUFF X SLEEP】BUFF X SLEEP软糖GABA软糖无蔗糖哈欠糖果20粒*1盒【行情 报价 价格 评测】-京东,Sleep
227,挺好吃的啊啊啊啊啊啊,睡眠软糖 2021-03-05 18:00,JD.com,【Buff XBUFF X SLEEP】BUFF X SLEEP软糖GABA软糖无蔗糖哈欠糖果20粒*1盒【行情 报价 价格 评测】-京东,Sleep
228,还可以挺好吃的。。。。,明目软糖 2021-03-05 18:00,JD.com,【Buff XBUFF X SLEEP】BUFF X SLEEP软糖GABA软糖无蔗糖哈欠糖果20粒*1盒【行情 报价 价格 评测】-京东,Sleep
229,不错，好吃,维生素软糖 2021-03-05 14:01,JD.com,【Buff XBUFF X SLEEP】BUFF X SLEEP软糖GABA软糖无蔗糖哈欠糖果20粒*1盒【行情 报价 价格 评测】-京东,Sleep
230,我觉得还行吧，像是不加糖的碳酸饮料片,牛磺酸气泡含片 2021-03-03 17:02,JD.com,【Buff XBUFF X SLEEP】BUFF X SLEEP软糖GABA软糖无蔗糖哈欠糖果20粒*1盒【行情 报价 价格 评测】-京东,Sleep
231,物流挺快的，挺好吃的，入睡效果好,睡眠软糖 2021-03-03 14:24,JD.com,【Buff XBUFF X SLEEP】BUFF X SLEEP软糖GABA软糖无蔗糖哈欠糖果20粒*1盒【行情 报价 价格 评测】-京东,Sleep
232,好用，不错哦,明目软糖 2021-03-02 10:16,JD.com,【Buff XBUFF X SLEEP】BUFF X SLEEP软糖GABA软糖无蔗糖哈欠糖果20粒*1盒【行情 报价 价格 评测】-京东,Sleep
233,一如既往的好,餐前咀嚼糖 2021-02-28 23:26,JD.com,【Buff XBUFF X SLEEP】BUFF X SLEEP软糖GABA软糖无蔗糖哈欠糖果20粒*1盒【行情 报价 价格 评测】-京东,Sleep
234,口味很像蓝莓水果软糖，感觉还可以，确实有明目的效果,明目软糖 2021-02-26 13:56,JD.com,【Buff XBUFF X SLEEP】BUFF X SLEEP软糖GABA软糖无蔗糖哈欠糖果20粒*1盒【行情 报价 价格 评测】-京东,Sleep
235,好吃，吃了两颗第二天白天又睡了两小时,睡眠软糖 2021-02-24 16:18,JD.com,【Buff XBUFF X SLEEP】BUFF X SLEEP软糖GABA软糖无蔗糖哈欠糖果20粒*1盒【行情 报价 价格 评测】-京东,Sleep
236,还行吧，味道还好，口感一般般,维生素软糖 2021-02-24 15:40,JD.com,【Buff XBUFF X SLEEP】BUFF X SLEEP软糖GABA软糖无蔗糖哈欠糖果20粒*1盒【行情 报价 价格 评测】-京东,Sleep
237,不错，自我感觉可能是比较有用的,餐前咀嚼糖 2021-02-22 17:27,JD.com,【Buff XBUFF X SLEEP】BUFF X SLEEP软糖GABA软糖无蔗糖哈欠糖果20粒*1盒【行情 报价 价格 评测】-京东,Sleep
238,吃了开车好像比较有精神哦，自我感觉良好,牛磺酸气泡含片 2021-02-22 16:38,JD.com,【Buff XBUFF X SLEEP】BUFF X SLEEP软糖GABA软糖无蔗糖哈欠糖果20粒*1盒【行情 报价 价格 评测】-京东,Sleep
239,味道还行，效果也还好,牛磺酸气泡含片 2021-02-21 19:42,JD.com,【Buff XBUFF X SLEEP】BUFF X SLEEP软糖GABA软糖无蔗糖哈欠糖果20粒*1盒【行情 报价 价格 评测】-京东,Sleep
240,赞,明目软糖 2021-02-21 18:19,JD.com,【Buff XBUFF X SLEEP】BUFF X SLEEP软糖GABA软糖无蔗糖哈欠糖果20粒*1盒【行情 报价 价格 评测】-京东,Sleep
241,质量好，值得好评速度快,牛磺酸气泡含片 2021-02-21 12:43,JD.com,【Buff XBUFF X SLEEP】BUFF X SLEEP软糖GABA软糖无蔗糖哈欠糖果20粒*1盒【行情 报价 价格 评测】-京东,Sleep
242,一直在用的产品，效果不错,鼓掌软糖 2021-02-20 09:30,JD.com,【Buff XBUFF X SLEEP】BUFF X SLEEP软糖GABA软糖无蔗糖哈欠糖果20粒*1盒【行情 报价 价格 评测】-京东,Sleep
243,一直在用的产品，效果不错,明目软糖 2021-02-20 09:30,JD.com,【Buff XBUFF X SLEEP】BUFF X SLEEP软糖GABA软糖无蔗糖哈欠糖果20粒*1盒【行情 报价 价格 评测】-京东,Sleep
244,一直在用的产品，效果不错,睡眠软糖 2021-02-20 09:31,JD.com,【Buff XBUFF X SLEEP】BUFF X SLEEP软糖GABA软糖无蔗糖哈欠糖果20粒*1盒【行情 报价 价格 评测】-京东,Sleep
245,感觉还行吧，后续看效果！！！,维生素软糖*5 2021-02-19 19:04,JD.com,【Buff XBUFF X SLEEP】BUFF X SLEEP软糖GABA软糖无蔗糖哈欠糖果20粒*1盒【行情 报价 价格 评测】-京东,Sleep
246,物流速度快，到家第一晚就吃了一颗，管用，,睡眠软糖 2021-02-18 22:07,JD.com,【Buff XBUFF X SLEEP】BUFF X SLEEP软糖GABA软糖无蔗糖哈欠糖果20粒*1盒【行情 报价 价格 评测】-京东,Sleep
247,吃了几天睡眠质量也好了，挺不错的,睡眠软糖 2021-02-18 14:06,JD.com,【Buff XBUFF X SLEEP】BUFF X SLEEP软糖GABA软糖无蔗糖哈欠糖果20粒*1盒【行情 报价 价格 评测】-京东,Sleep
248,非常好我觉得挺有用的 就是有点苦，可以接受,鼓掌软糖 2021-02-18 13:09,JD.com,【Buff XBUFF X SLEEP】BUFF X SLEEP软糖GABA软糖无蔗糖哈欠糖果20粒*1盒【行情 报价 价格 评测】-京东,Sleep
249,收到了，味道酸酸甜甜的挺好吃，希望有效果,餐前咀嚼糖 2021-02-18 11:11,JD.com,【Buff XBUFF X SLEEP】BUFF X SLEEP软糖GABA软糖无蔗糖哈欠糖果20粒*1盒【行情 报价 价格 评测】-京东,Sleep
250,挺好吃的，酸酸甜甜的，就是我吃了好像没用?应该睡不好是我的问题了,睡眠软糖 2021-02-16 23:44,JD.com,【Buff XBUFF X SLEEP】BUFF X SLEEP软糖GABA软糖无蔗糖哈欠糖果20粒*1盒【行情 报价 价格 评测】-京东,Sleep
251,可以可以。直接爆发,牛磺酸气泡含片 2021-02-16 19:59,JD.com,【Buff XBUFF X SLEEP】BUFF X SLEEP软糖GABA软糖无蔗糖哈欠糖果20粒*1盒【行情 报价 价格 评测】-京东,Sleep
252,未用，期待效果，包装挺不错的,明目软糖 2021-02-16 17:17,JD.com,【Buff XBUFF X SLEEP】BUFF X SLEEP软糖GABA软糖无蔗糖哈欠糖果20粒*1盒【行情 报价 价格 评测】-京东,Sleep
253,感觉挺不错的，包装挺好看的,维生素软糖 2021-02-16 17:18,JD.com,【Buff XBUFF X SLEEP】BUFF X SLEEP软糖GABA软糖无蔗糖哈欠糖果20粒*1盒【行情 报价 价格 评测】-京东,Sleep
254,吃起来味道还不错，喜欢甜甜的可以买来尝试一下。,维生素软糖 2021-02-15 22:43,JD.com,【Buff XBUFF X SLEEP】BUFF X SLEEP软糖GABA软糖无蔗糖哈欠糖果20粒*1盒【行情 报价 价格 评测】-京东,Sleep
255,看上去还不错，值得推荐,维生素软糖 2021-02-15 22:42,JD.com,【Buff XBUFF X SLEEP】BUFF X SLEEP软糖GABA软糖无蔗糖哈欠糖果20粒*1盒【行情 报价 价格 评测】-京东,Sleep
256,还行，有效果，挺好的,睡眠软糖 2021-02-15 18:50,JD.com,【Buff XBUFF X SLEEP】BUFF X SLEEP软糖GABA软糖无蔗糖哈欠糖果20粒*1盒【行情 报价 价格 评测】-京东,Sleep
257,不太好吃，但效果很好，下午吃晚上失眠,牛磺酸气泡含片 2021-02-14 18:50,JD.com,【Buff XBUFF X SLEEP】BUFF X SLEEP软糖GABA软糖无蔗糖哈欠糖果20粒*1盒【行情 报价 价格 评测】-京东,Sleep
258,给别人买的 说效果还不错 这次又买了10盒 过年有得用了,醒酒软糖 2021-02-09 09:32,JD.com,【Buff XBUFF X SLEEP】BUFF X SLEEP软糖GABA软糖无蔗糖哈欠糖果20粒*1盒【行情 报价 价格 评测】-京东,Sleep
259,可以提神，不错,牛磺酸气泡含片 2021-02-08 18:26,JD.com,【Buff XBUFF X SLEEP】BUFF X SLEEP软糖GABA软糖无蔗糖哈欠糖果20粒*1盒【行情 报价 价格 评测】-京东,Sleep
260,酸酸的我挺喜欢,维生素软糖 2021-02-08 18:26,JD.com,【Buff XBUFF X SLEEP】BUFF X SLEEP软糖GABA软糖无蔗糖哈欠糖果20粒*1盒【行情 报价 价格 评测】-京东,Sleep
261,味道也还不错 吃完一段时间后确实精神了 不建议晚上吃,牛磺酸气泡含片 2021-02-07 21:05,JD.com,【Buff XBUFF X SLEEP】BUFF X SLEEP软糖GABA软糖无蔗糖哈欠糖果20粒*1盒【行情 报价 价格 评测】-京东,Sleep
262,味道好闻 清凉 有点酸 喜欢,牛磺酸气泡含片 2021-02-07 11:23,JD.com,【Buff XBUFF X SLEEP】BUFF X SLEEP软糖GABA软糖无蔗糖哈欠糖果20粒*1盒【行情 报价 价格 评测】-京东,Sleep
263,效果不錯，入睡快質量高，滿意好評～,睡眠软糖 2021-02-04 21:42,JD.com,【Buff XBUFF X SLEEP】BUFF X SLEEP软糖GABA软糖无蔗糖哈欠糖果20粒*1盒【行情 报价 价格 评测】-京东,Sleep
264,效果不错，睡眠质量好多了,睡眠软糖 2021-02-03 22:24,JD.com,【Buff XBUFF X SLEEP】BUFF X SLEEP软糖GABA软糖无蔗糖哈欠糖果20粒*1盒【行情 报价 价格 评测】-京东,Sleep
265,吃起来口感不错像奶片一样 后续再说感觉吧,餐前咀嚼糖 2021-02-01 18:11,JD.com,【Buff XBUFF X SLEEP】BUFF X SLEEP软糖GABA软糖无蔗糖哈欠糖果20粒*1盒【行情 报价 价格 评测】-京东,Sleep
266,这口味挺好吃的，两粒一个小包装，携带方便。大餐前来一包。,餐前咀嚼糖 2021-01-28 20:54,JD.com,【Buff XBUFF X SLEEP】BUFF X SLEEP软糖GABA软糖无蔗糖哈欠糖果20粒*1盒【行情 报价 价格 评测】-京东,Sleep
267,发货很快，味道个人来讲有点怪，不过作为保健品完全能够接受啦，至于效果有没有就不知道了,餐前咀嚼糖 2021-01-27 17:20,JD.com,【Buff XBUFF X SLEEP】BUFF X SLEEP软糖GABA软糖无蔗糖哈欠糖果20粒*1盒【行情 报价 价格 评测】-京东,Sleep
268,收到好多天了，感觉比普通的软糖要硬一点，没有qq糖q弹，味道吧，有点泛酸也还可以，但是我感觉吃了它以后，眼睛的确看的有一点点清晰，不过我觉得是心理作用，吃的不算久，抱着试试看心态,维生素软糖 2021-01-27 16:54,JD.com,【Buff XBUFF X SLEEP】BUFF X SLEEP软糖GABA软糖无蔗糖哈欠糖果20粒*1盒【行情 报价 价格 评测】-京东,Sleep
269,塑料软盒那种，如果用袋装感觉更好吧！ 分量就是感觉少了一点点，日期挺好，好吃，主要给孩子买了吃，挺喜欢的,牛磺酸气泡含片 2021-01-27 16:45,JD.com,【Buff XBUFF X SLEEP】BUFF X SLEEP软糖GABA软糖无蔗糖哈欠糖果20粒*1盒【行情 报价 价格 评测】-京东,Sleep
270,酸酸甜甜味道好极了，不但能缓解疲劳，还能增强体质，价格实惠，就一个字，好,维生素软糖 2021-01-26 12:14,JD.com,【Buff XBUFF X SLEEP】BUFF X SLEEP软糖GABA软糖无蔗糖哈欠糖果20粒*1盒【行情 报价 价格 评测】-京东,Sleep
271,喝咖啡醒神，喝着味道可以，喝完还会买的,牛磺酸气泡含片 2021-01-25 16:27,JD.com,【Buff XBUFF X SLEEP】BUFF X SLEEP软糖GABA软糖无蔗糖哈欠糖果20粒*1盒【行情 报价 价格 评测】-京东,Sleep
272,糖果真好吃，酸酸甜甜的，味蕾得到满足的同时还有有助于睡眠。,睡眠软糖 2021-01-25 14:52,JD.com,【Buff XBUFF X SLEEP】BUFF X SLEEP软糖GABA软糖无蔗糖哈欠糖果20粒*1盒【行情 报价 价格 评测】-京东,Sleep
273,蓝莓叶黄素，味道不错，没有比想象中的难吃，效果也不错，准备再买两盒,明目软糖 2021-01-24 18:15,JD.com,【Buff XBUFF X SLEEP】BUFF X SLEEP软糖GABA软糖无蔗糖哈欠糖果20粒*1盒【行情 报价 价格 评测】-京东,Sleep
274,收到已经吃上了，味道不错好吃，效果也是棒棒的，下次还会回购的,维生素软糖*5 2021-01-24 16:38,JD.com,【Buff XBUFF X SLEEP】BUFF X SLEEP软糖GABA软糖无蔗糖哈欠糖果20粒*1盒【行情 报价 价格 评测】-京东,Sleep
275,收到货了，快递发货快，一家人都说好吃，挺管用的，再买点过年了，有需要的朋友来买,牛磺酸气泡含片 2021-01-24 16:07,JD.com,【Buff XBUFF X SLEEP】BUFF X SLEEP软糖GABA软糖无蔗糖哈欠糖果20粒*1盒【行情 报价 价格 评测】-京东,Sleep
276,好评，物流快，包装简单特别，味道软软的甜甜的，橙子味足，补充维生素c,维生素软糖*5 2021-01-24 10:17,JD.com,【Buff XBUFF X SLEEP】BUFF X SLEEP软糖GABA软糖无蔗糖哈欠糖果20粒*1盒【行情 报价 价格 评测】-京东,Sleep
277,物流快，包装简单时尚，这个软糖味道真的不错，软软的甜甜的，还可以帮助睡眠，推荐,睡眠软糖 2021-01-24 10:00,JD.com,【Buff XBUFF X SLEEP】BUFF X SLEEP软糖GABA软糖无蔗糖哈欠糖果20粒*1盒【行情 报价 价格 评测】-京东,Sleep
278,好好好,维生素软糖 2021-01-24 03:07,JD.com,【Buff XBUFF X SLEEP】BUFF X SLEEP软糖GABA软糖无蔗糖哈欠糖果20粒*1盒【行情 报价 价格 评测】-京东,Sleep
279,收到货了，实物同我预想的一样，挺喜欢的，价格合理，给个好评。,餐前咀嚼糖 2021-01-22 23:20,JD.com,【Buff XBUFF X SLEEP】BUFF X SLEEP软糖GABA软糖无蔗糖哈欠糖果20粒*1盒【行情 报价 价格 评测】-京东,Sleep
280,收到货了，朋友推荐买的，效果不错，价格比实体店便宜很多，挺满意。,维生素软糖 2021-01-22 23:02,JD.com,【Buff XBUFF X SLEEP】BUFF X SLEEP软糖GABA软糖无蔗糖哈欠糖果20粒*1盒【行情 报价 价格 评测】-京东,Sleep
281,包装精美特别，整整20颗，够吃十餐吧，就是糖果的味道，不过很好吃,明目软糖 2021-01-22 20:16,JD.com,【Buff XBUFF X SLEEP】BUFF X SLEEP软糖GABA软糖无蔗糖哈欠糖果20粒*1盒【行情 报价 价格 评测】-京东,Sleep
282,能量片提神醒脑，开车困了来一片，Q弹的橙子味儿味道好好哟，甜甜的,牛磺酸气泡含片 2021-01-22 19:49,JD.com,【Buff XBUFF X SLEEP】BUFF X SLEEP软糖GABA软糖无蔗糖哈欠糖果20粒*1盒【行情 报价 价格 评测】-京东,Sleep
283,睡前两粒蓝霸服，轻松心情，夜夜好眠,睡眠软糖 2021-01-22 14:11,JD.com,【Buff XBUFF X SLEEP】BUFF X SLEEP软糖GABA软糖无蔗糖哈欠糖果20粒*1盒【行情 报价 价格 评测】-京东,Sleep
284,口感不错，软软的，眼睛疲劳缓解很多，吃完再来回购,明目软糖 2021-01-22 12:39,JD.com,【Buff XBUFF X SLEEP】BUFF X SLEEP软糖GABA软糖无蔗糖哈欠糖果20粒*1盒【行情 报价 价格 评测】-京东,Sleep
285,做活动买的，价格实惠又划算，换季太容易感冒了，多补点维C,维生素软糖*5 2021-01-22 12:19,JD.com,【Buff XBUFF X SLEEP】BUFF X SLEEP软糖GABA软糖无蔗糖哈欠糖果20粒*1盒【行情 报价 价格 评测】-京东,Sleep
286,味道不错，软软的好味道，下次还会回购。,睡眠软糖 2021-01-22 09:58,JD.com,【Buff XBUFF X SLEEP】BUFF X SLEEP软糖GABA软糖无蔗糖哈欠糖果20粒*1盒【行情 报价 价格 评测】-京东,Sleep
287,效果好，包装好，价格优惠，服务态度好,维生素软糖*5 2021-01-22 08:45,JD.com,【Buff XBUFF X SLEEP】BUFF X SLEEP软糖GABA软糖无蔗糖哈欠糖果20粒*1盒【行情 报价 价格 评测】-京东,Sleep
288,超喜欢这个味道，酸酸甜甜。多吃增加免疫力,维生素软糖*5 2021-01-21 18:56,JD.com,【Buff XBUFF X SLEEP】BUFF X SLEEP软糖GABA软糖无蔗糖哈欠糖果20粒*1盒【行情 报价 价格 评测】-京东,Sleep
289,"味道比想象中要好很多,吃起来就像软糖，没有其他怪味，是水果味道，准备再买其他的试试",明目软糖 2021-01-21 17:26,JD.com,【Buff XBUFF X SLEEP】BUFF X SLEEP软糖GABA软糖无蔗糖哈欠糖果20粒*1盒【行情 报价 价格 评测】-京东,Sleep
290,物流快，包装挺吸引人的～味道不错～试下效果～到时候测下血糖～,餐前咀嚼糖 2021-01-21 17:06,JD.com,【Buff XBUFF X SLEEP】BUFF X SLEEP软糖GABA软糖无蔗糖哈欠糖果20粒*1盒【行情 报价 价格 评测】-京东,Sleep
291,物流快，产品包装亮丽，正品，软糖味道甜甜的的，口感好,睡眠软糖 2021-01-21 10:49,JD.com,【Buff XBUFF X SLEEP】BUFF X SLEEP软糖GABA软糖无蔗糖哈欠糖果20粒*1盒【行情 报价 价格 评测】-京东,Sleep
292,我是易胖体质，这个朋友推荐的，试试看，味道不错，健身完了来一颗,餐前咀嚼糖 2021-01-20 15:20,JD.com,【Buff XBUFF X SLEEP】BUFF X SLEEP软糖GABA软糖无蔗糖哈欠糖果20粒*1盒【行情 报价 价格 评测】-京东,Sleep
293,挺好的,牛磺酸气泡含片 2021-03-07 16:02,JD.com,【Buff XBUFF X SLEEP】BUFF X SLEEP软糖GABA软糖无蔗糖哈欠糖果20粒*1盒【行情 报价 价格 评测】-京东,Sleep
295,好好好,维生素软糖 2021-02-22 20:39,JD.com,【Buff XBUFF X SLEEP】BUFF X SLEEP软糖GABA软糖无蔗糖哈欠糖果20粒*1盒【行情 报价 价格 评测】-京东,Sleep
296,第一次尝试这类药物。也不能说完全是药物吧，毕竟他也是植物合成的。效果来说，我给大家一个比较中肯的建议。不要指望他能够给你带来减肥效果。他真的适合那种一直在坚持减肥，但是偶尔某一天的中午有应酬推脱不掉用的。所以当你在大餐前半个小时之内口诀服用之后，他确实能够起到减少吸收。减少体重增加量的作用。这个效果是有的。比如说吧，正常来说你还在减肥过程当中，然后你中午吃了一顿大餐，本应该你可能会增加一公斤多的重量，但是吃了这个药之后，你的体重增加量大概能少一斤。所以你不要企图吃他能够不增重不变胖那是不可能的，他只不过会让你每一顿饭增加的重量少一点而已。但对于我这样的每天和蔬菜汁强迫自己减肥的人士来说，还是真的能救我一命的。毕竟谁都不可能做到每天中午都没有应酬吧。这算是饱餐之后给自己的一种救赎。哈利路亚吃了他吧。,白芸豆咀嚼糖 2021-03-07 13:02,JD.com,【Buff XBUFF X SLEEP】BUFF X SLEEP软糖GABA软糖无蔗糖哈欠糖果20粒*1盒【行情 报价 价格 评测】-京东,Sleep
297,智商税已交，除此之外，我只能说，这玩意儿暴利 ?,睡眠软糖 2021-02-09 15:05,JD.com,【Buff XBUFF X SLEEP】BUFF X SLEEP软糖GABA软糖无蔗糖哈欠糖果20粒*1盒【行情 报价 价格 评测】-京东,Sleep
298,凑单买来的 和橡皮糖一样的味道 哈哈哈 比橡皮糖酸点 闲来无事吃一颗 补充维生素,维生素软糖 2021-03-08 22:19,JD.com,【Buff XBUFF X SLEEP】BUFF X SLEEP软糖GABA软糖无蔗糖哈欠糖果20粒*1盒【行情 报价 价格 评测】-京东,Sleep
299,工伤鉴定就不想那些那些。新年开心难兄难弟你先加上那些那些,牛磺酸气泡含片 2021-03-07 09:03,JD.com,【Buff XBUFF X SLEEP】BUFF X SLEEP软糖GABA软糖无蔗糖哈欠糖果20粒*1盒【行情 报价 价格 评测】-京东,Sleep
300,眼睛糊的时候，吃1-2颗，在闭一会，确实有清目的效果。,明目软糖 2021-02-27 14:52,JD.com,【Buff XBUFF X SLEEP】BUFF X SLEEP软糖GABA软糖无蔗糖哈欠糖果20粒*1盒【行情 报价 价格 评测】-京东,Sleep
301,还没试这款糖好用不好用！试验再回来评价,睡眠软糖 2021-02-25 20:01,JD.com,【Buff XBUFF X SLEEP】BUFF X SLEEP软糖GABA软糖无蔗糖哈欠糖果20粒*1盒【行情 报价 价格 评测】-京东,Sleep
302,真的有用啊,睡眠软糖 2021-02-19 20:29,JD.com,【Buff XBUFF X SLEEP】BUFF X SLEEP软糖GABA软糖无蔗糖哈欠糖果20粒*1盒【行情 报价 价格 评测】-京东,Sleep
303,小孩自己买的，水果味软糖。,牛磺酸气泡含片 2021-02-18 10:11,JD.com,【Buff XBUFF X SLEEP】BUFF X SLEEP软糖GABA软糖无蔗糖哈欠糖果20粒*1盒【行情 报价 价格 评测】-京东,Sleep
304,小孩自己买的，水果味软糖。,餐前咀嚼糖 2021-02-18 10:12,JD.com,【Buff XBUFF X SLEEP】BUFF X SLEEP软糖GABA软糖无蔗糖哈欠糖果20粒*1盒【行情 报价 价格 评测】-京东,Sleep
305,小孩自己买的，水果味软糖。,鼓掌软糖 2021-02-18 10:11,JD.com,【Buff XBUFF X SLEEP】BUFF X SLEEP软糖GABA软糖无蔗糖哈欠糖果20粒*1盒【行情 报价 价格 评测】-京东,Sleep
306,小孩自己买的，水果味软糖。,睡眠软糖 2021-02-18 10:10,JD.com,【Buff XBUFF X SLEEP】BUFF X SLEEP软糖GABA软糖无蔗糖哈欠糖果20粒*1盒【行情 报价 价格 评测】-京东,Sleep
307,小孩自己买的，水果味软糖。,明目软糖 2021-02-18 10:08,JD.com,【Buff XBUFF X SLEEP】BUFF X SLEEP软糖GABA软糖无蔗糖哈欠糖果20粒*1盒【行情 报价 价格 评测】-京东,Sleep
308,小孩自己买的，水果味软糖。,维生素软糖*5 2021-02-18 10:07,JD.com,【Buff XBUFF X SLEEP】BUFF X SLEEP软糖GABA软糖无蔗糖哈欠糖果20粒*1盒【行情 报价 价格 评测】-京东,Sleep
309,智商税已交，除此之外，我只能说，这玩意儿暴利 ?,明目软糖 2021-02-09 15:04,JD.com,【Buff XBUFF X SLEEP】BUFF X SLEEP软糖GABA软糖无蔗糖哈欠糖果20粒*1盒【行情 报价 价格 评测】-京东,Sleep
310,智商税已交，除此之外，我只能说，这玩意儿暴利 ?,牛磺酸气泡含片 2021-02-09 15:04,JD.com,【Buff XBUFF X SLEEP】BUFF X SLEEP软糖GABA软糖无蔗糖哈欠糖果20粒*1盒【行情 报价 价格 评测】-京东,Sleep
311,还没有吃，期待有用哈！！！,睡眠软糖 2021-01-28 20:58,JD.com,【Buff XBUFF X SLEEP】BUFF X SLEEP软糖GABA软糖无蔗糖哈欠糖果20粒*1盒【行情 报价 价格 评测】-京东,Sleep
312,亲测有效。。。。。。。,睡眠软糖 2021-02-14 08:16,JD.com,【Buff XBUFF X SLEEP】BUFF X SLEEP软糖GABA软糖无蔗糖哈欠糖果20粒*1盒【行情 报价 价格 评测】-京东,Sleep
313,吃一段时间再评,白芸豆咀嚼糖 2021-03-06 21:08,JD.com,【Buff XBUFF X SLEEP】BUFF X SLEEP软糖GABA软糖无蔗糖哈欠糖果20粒*1盒【行情 报价 价格 评测】-京东,Sleep
314,减肥不容易 买来给欺骗餐前备上,餐前咀嚼糖 2021-03-05 19:34,JD.com,【Buff XBUFF X SLEEP】BUFF X SLEEP软糖GABA软糖无蔗糖哈欠糖果20粒*1盒【行情 报价 价格 评测】-京东,Sleep
315,还不错唯一遗憾的是量太少了,维生素软糖*5 2021-03-05 16:41,JD.com,【Buff XBUFF X SLEEP】BUFF X SLEEP软糖GABA软糖无蔗糖哈欠糖果20粒*1盒【行情 报价 价格 评测】-京东,Sleep
316,第一次购买，不知道怎么样，试用后效果在评价。,睡眠软糖 2021-03-05 16:36,JD.com,【Buff XBUFF X SLEEP】BUFF X SLEEP软糖GABA软糖无蔗糖哈欠糖果20粒*1盒【行情 报价 价格 评测】-京东,Sleep
317,好吃,明目软糖 2021-03-05 15:14,JD.com,【Buff XBUFF X SLEEP】BUFF X SLEEP软糖GABA软糖无蔗糖哈欠糖果20粒*1盒【行情 报价 价格 评测】-京东,Sleep
318,怎么说呢，真的是期望越大失望越大，根本没有卖家说的那种种功效。各个口味都买了一遍，差劲…………“………………………………”,鼓掌软糖 2021-03-04 22:40,JD.com,【Buff XBUFF X SLEEP】BUFF X SLEEP软糖GABA软糖无蔗糖哈欠糖果20粒*1盒【行情 报价 价格 评测】-京东,Sleep
319,怎么说呢，真的是期望越大失望越大，根本没有卖家说的那种种功效。各个口味都买了一遍，差劲…………“………………………………”,明目软糖 2021-03-04 22:40,JD.com,【Buff XBUFF X SLEEP】BUFF X SLEEP软糖GABA软糖无蔗糖哈欠糖果20粒*1盒【行情 报价 价格 评测】-京东,Sleep
320,未签收显示订单已完成 还不知道怎么样,牛磺酸气泡含片 2021-03-04 18:46,JD.com,【Buff XBUFF X SLEEP】BUFF X SLEEP软糖GABA软糖无蔗糖哈欠糖果20粒*1盒【行情 报价 价格 评测】-京东,Sleep
321,没有显著的效果，长期吃吃再看,鼓掌软糖 2021-03-04 17:49,JD.com,【Buff XBUFF X SLEEP】BUFF X SLEEP软糖GABA软糖无蔗糖哈欠糖果20粒*1盒【行情 报价 价格 评测】-京东,Sleep
322,吃起来好酸，也不知道有啥效果。,维生素软糖 2021-03-04 07:33,JD.com,【Buff XBUFF X SLEEP】BUFF X SLEEP软糖GABA软糖无蔗糖哈欠糖果20粒*1盒【行情 报价 价格 评测】-京东,Sleep
323,希望管用,餐前咀嚼糖 2021-03-02 18:50,JD.com,【Buff XBUFF X SLEEP】BUFF X SLEEP软糖GABA软糖无蔗糖哈欠糖果20粒*1盒【行情 报价 价格 评测】-京东,Sleep
324,头一次买，不知道效果怎么样！,牛磺酸气泡含片 2021-03-02 08:36,JD.com,【Buff XBUFF X SLEEP】BUFF X SLEEP软糖GABA软糖无蔗糖哈欠糖果20粒*1盒【行情 报价 价格 评测】-京东,Sleep
325,不知道具体效果，本是凑单的，希望有点用。。,明目软糖 2021-03-01 23:37,JD.com,【Buff XBUFF X SLEEP】BUFF X SLEEP软糖GABA软糖无蔗糖哈欠糖果20粒*1盒【行情 报价 价格 评测】-京东,Sleep
326,晚上试试,睡眠软糖 2021-03-01 12:04,JD.com,【Buff XBUFF X SLEEP】BUFF X SLEEP软糖GABA软糖无蔗糖哈欠糖果20粒*1盒【行情 报价 价格 评测】-京东,Sleep
327,今天第一天吃，特意吃了点碳水试了试，一个月后给反馈,餐前咀嚼糖 2021-02-28 20:36,JD.com,【Buff XBUFF X SLEEP】BUFF X SLEEP软糖GABA软糖无蔗糖哈欠糖果20粒*1盒【行情 报价 价格 评测】-京东,Sleep
328,吃了立马就醒 还能大战十斤,醒酒软糖 2021-02-26 22:59,JD.com,【Buff XBUFF X SLEEP】BUFF X SLEEP软糖GABA软糖无蔗糖哈欠糖果20粒*1盒【行情 报价 价格 评测】-京东,Sleep
329,吃了没用，越吃越兴奋,睡眠软糖 2021-02-25 23:47,JD.com,【Buff XBUFF X SLEEP】BUFF X SLEEP软糖GABA软糖无蔗糖哈欠糖果20粒*1盒【行情 报价 价格 评测】-京东,Sleep
330,味道不错 就不知道效果怎么样了 要持续一段时间,明目软糖 2021-02-21 11:48,JD.com,【Buff XBUFF X SLEEP】BUFF X SLEEP软糖GABA软糖无蔗糖哈欠糖果20粒*1盒【行情 报价 价格 评测】-京东,Sleep
331,今天第一次吃，效果一般,睡眠软糖 2021-02-20 03:37,JD.com,【Buff XBUFF X SLEEP】BUFF X SLEEP软糖GABA软糖无蔗糖哈欠糖果20粒*1盒【行情 报价 价格 评测】-京东,Sleep
332,好吃,维生素软糖 2021-02-19 12:46,JD.com,【Buff XBUFF X SLEEP】BUFF X SLEEP软糖GABA软糖无蔗糖哈欠糖果20粒*1盒【行情 报价 价格 评测】-京东,Sleep
333,好吃,牛磺酸气泡含片 2021-02-19 12:46,JD.com,【Buff XBUFF X SLEEP】BUFF X SLEEP软糖GABA软糖无蔗糖哈欠糖果20粒*1盒【行情 报价 价格 评测】-京东,Sleep
334,好吃,明目软糖 2021-02-19 12:46,JD.com,【Buff XBUFF X SLEEP】BUFF X SLEEP软糖GABA软糖无蔗糖哈欠糖果20粒*1盒【行情 报价 价格 评测】-京东,Sleep
335,凑单买的 日常补充点VC没有坏处 就是不知道有没有作用。但愿吧,维生素软糖 2021-02-18 11:09,JD.com,【Buff XBUFF X SLEEP】BUFF X SLEEP软糖GABA软糖无蔗糖哈欠糖果20粒*1盒【行情 报价 价格 评测】-京东,Sleep
336,期待可以缓解我的睡眠压力。,睡眠软糖 2021-02-16 17:18,JD.com,【Buff XBUFF X SLEEP】BUFF X SLEEP软糖GABA软糖无蔗糖哈欠糖果20粒*1盒【行情 报价 价格 评测】-京东,Sleep
337,买来试一试，具体有没有用还是不太明显，再试一段时间看看。,餐前咀嚼糖 2021-02-15 22:45,JD.com,【Buff XBUFF X SLEEP】BUFF X SLEEP软糖GABA软糖无蔗糖哈欠糖果20粒*1盒【行情 报价 价格 评测】-京东,Sleep
338,催眠效果一般,睡眠软糖 2021-02-13 09:19,JD.com,【Buff XBUFF X SLEEP】BUFF X SLEEP软糖GABA软糖无蔗糖哈欠糖果20粒*1盒【行情 报价 价格 评测】-京东,Sleep
339,不知道有没有效果……反正是吃完了,餐前咀嚼糖 2021-02-07 08:58,JD.com,【Buff XBUFF X SLEEP】BUFF X SLEEP软糖GABA软糖无蔗糖哈欠糖果20粒*1盒【行情 报价 价格 评测】-京东,Sleep
340,还没吃，老是忘记吃..,餐前咀嚼糖 2021-02-06 13:58,JD.com,【Buff XBUFF X SLEEP】BUFF X SLEEP软糖GABA软糖无蔗糖哈欠糖果20粒*1盒【行情 报价 价格 评测】-京东,Sleep
341,不知道效果如何 吃一盒试试,餐前咀嚼糖 2021-01-31 12:11,JD.com,【Buff XBUFF X SLEEP】BUFF X SLEEP软糖GABA软糖无蔗糖哈欠糖果20粒*1盒【行情 报价 价格 评测】-京东,Sleep
342,待品尝,明目软糖 2021-01-29 18:20,JD.com,【Buff XBUFF X SLEEP】BUFF X SLEEP软糖GABA软糖无蔗糖哈欠糖果20粒*1盒【行情 报价 价格 评测】-京东,Sleep
343,朋友介绍的这款糖，不知道有没有效果，当做试试新产品,维生素软糖 2021-01-27 17:14,JD.com,【Buff XBUFF X SLEEP】BUFF X SLEEP软糖GABA软糖无蔗糖哈欠糖果20粒*1盒【行情 报价 价格 评测】-京东,Sleep
344,听朋友说有助睡眠，买一盒试试？期待效果,睡眠软糖 2021-01-23 10:26,JD.com,【Buff XBUFF X SLEEP】BUFF X SLEEP软糖GABA软糖无蔗糖哈欠糖果20粒*1盒【行情 报价 价格 评测】-京东,Sleep
345,包装特别，才刚刚开始吃，不知道有没有效果，有效果过年再入手几盒，大吃大喝都不怕了,餐前咀嚼糖 2021-01-22 20:38,JD.com,【Buff XBUFF X SLEEP】BUFF X SLEEP软糖GABA软糖无蔗糖哈欠糖果20粒*1盒【行情 报价 价格 评测】-京东,Sleep
346,这个还没吃过，感觉会有用，最近用眼很疲劳，眼睛挺难受的，希望不要近视,牛磺酸气泡含片 2021-01-21 17:28,JD.com,【Buff XBUFF X SLEEP】BUFF X SLEEP软糖GABA软糖无蔗糖哈欠糖果20粒*1盒【行情 报价 价格 评测】-京东,Sleep
347,包装都烂了。,GABA软糖 2021-03-09 15:13,JD.com,【Buff XBUFF X SLEEP】BUFF X SLEEP软糖GABA软糖无蔗糖哈欠糖果20粒*1盒【行情 报价 价格 评测】-京东,Sleep
348,好家伙 上下两个二维码 然后扫了是两家店 优秀,鼓掌软糖 2021-03-06 00:43,JD.com,【Buff XBUFF X SLEEP】BUFF X SLEEP软糖GABA软糖无蔗糖哈欠糖果20粒*1盒【行情 报价 价格 评测】-京东,Sleep
349,根本没收到，却说我签收了，c**有良心吗？,白芸豆咀嚼糖 2021-03-09 19:34,JD.com,【Buff XBUFF X SLEEP】BUFF X SLEEP软糖GABA软糖无蔗糖哈欠糖果20粒*1盒【行情 报价 价格 评测】-京东,Sleep
350,并没有什么大用，我上课吃了6颗啥感觉也没有，晚上吃了这个睡眠质量也没有提升,GABA软糖 2021-03-06 18:22,JD.com,【Buff XBUFF X SLEEP】BUFF X SLEEP软糖GABA软糖无蔗糖哈欠糖果20粒*1盒【行情 报价 价格 评测】-京东,Sleep
351,不好吃，橙子味都是盐粒，真是补充盐分呀,维生素软糖 2021-02-28 14:43,JD.com,【Buff XBUFF X SLEEP】BUFF X SLEEP软糖GABA软糖无蔗糖哈欠糖果20粒*1盒【行情 报价 价格 评测】-京东,Sleep
352,不行啊,睡眠软糖 2021-02-25 23:01,JD.com,【Buff XBUFF X SLEEP】BUFF X SLEEP软糖GABA软糖无蔗糖哈欠糖果20粒*1盒【行情 报价 价格 评测】-京东,Sleep
353,效果不是很理想,睡眠软糖 2021-02-25 22:07,JD.com,【Buff XBUFF X SLEEP】BUFF X SLEEP软糖GABA软糖无蔗糖哈欠糖果20粒*1盒【行情 报价 价格 评测】-京东,Sleep
354,真的有用吗 感觉是花了六十买了个水果糖 还没有别的味道 多装的别的味道的不好么,睡眠软糖 2021-02-25 20:42,JD.com,【Buff XBUFF X SLEEP】BUFF X SLEEP软糖GABA软糖无蔗糖哈欠糖果20粒*1盒【行情 报价 价格 评测】-京东,Sleep
355,没什么特别大的效果，就和普通软糖似的。,睡眠软糖 2021-02-25 13:22,JD.com,【Buff XBUFF X SLEEP】BUFF X SLEEP软糖GABA软糖无蔗糖哈欠糖果20粒*1盒【行情 报价 价格 评测】-京东,Sleep
356,味道不习惯,牛磺酸气泡含片 2021-02-21 18:19,JD.com,【Buff XBUFF X SLEEP】BUFF X SLEEP软糖GABA软糖无蔗糖哈欠糖果20粒*1盒【行情 报价 价格 评测】-京东,Sleep
357,买给朋友吃的，他说吃了毫无鸟用,睡眠软糖 2021-02-18 13:30,JD.com,【Buff XBUFF X SLEEP】BUFF X SLEEP软糖GABA软糖无蔗糖哈欠糖果20粒*1盒【行情 报价 价格 评测】-京东,Sleep
358,睡觉不管用。。。。,睡眠软糖 2021-02-14 17:05,JD.com,【Buff XBUFF X SLEEP】BUFF X SLEEP软糖GABA软糖无蔗糖哈欠糖果20粒*1盒【行情 报价 价格 评测】-京东,Sleep
359,没有用,睡眠软糖 2021-02-11 00:32,JD.com,【Buff XBUFF X SLEEP】BUFF X SLEEP软糖GABA软糖无蔗糖哈欠糖果20粒*1盒【行情 报价 价格 评测】-京东,Sleep
360,没有觉得有什么效果 都是广告效应,睡眠软糖 2021-02-07 14:44,JD.com,【Buff XBUFF X SLEEP】BUFF X SLEEP软糖GABA软糖无蔗糖哈欠糖果20粒*1盒【行情 报价 价格 评测】-京东,Sleep
361,有效果吗？？？？？感觉是被收割了智商税,鼓掌软糖 2021-02-07 08:56,JD.com,【Buff XBUFF X SLEEP】BUFF X SLEEP软糖GABA软糖无蔗糖哈欠糖果20粒*1盒【行情 报价 价格 评测】-京东,Sleep
362,不好吃，带点苦，还那么贵,牛磺酸气泡含片 2021-02-07 00:28,JD.com,【Buff XBUFF X SLEEP】BUFF X SLEEP软糖GABA软糖无蔗糖哈欠糖果20粒*1盒【行情 报价 价格 评测】-京东,Sleep
363,没有什么用还不如买褪黑素,睡眠软糖 2021-01-30 15:00,JD.com,【Buff XBUFF X SLEEP】BUFF X SLEEP软糖GABA软糖无蔗糖哈欠糖果20粒*1盒【行情 报价 价格 评测】-京东,Sleep
364,甜中带苦一天吃了两片头疼味道怪怪的,牛磺酸气泡含片 2021-01-21 17:11,JD.com,【Buff XBUFF X SLEEP】BUFF X SLEEP软糖GABA软糖无蔗糖哈欠糖果20粒*1盒【行情 报价 价格 评测】-京东,Sleep
365,一家凑单买的，不知道咋样，感觉智商税大于产品实际价值，买来玩玩，主要是黄盒子拉低了印象分，脏兮兮的，生产日期还是20年10月份的，保质期一共10个月，到我手上就已经过了一半多了,明目软糖 2021-03-06 18:32,JD.com,【Buff XBUFF X SLEEP】BUFF X SLEEP软糖GABA软糖无蔗糖哈欠糖果20粒*1盒【行情 报价 价格 评测】-京东,Sleep
366,盒子挺大的，但是里面的糖太少，我纳闷了，成本很高？还不如蓝色那款buff糖？，比你这个红buff的还多，我就觉得你这个红buff不值这个32元的价钱，,牛磺酸气泡含片 2021-03-05 18:54,JD.com,【Buff XBUFF X SLEEP】BUFF X SLEEP软糖GABA软糖无蔗糖哈欠糖果20粒*1盒【行情 报价 价格 评测】-京东,Sleep
367,不知道管不管用，味道好奇怪，但愿有效,餐前咀嚼糖 2021-03-01 11:08,JD.com,【Buff XBUFF X SLEEP】BUFF X SLEEP软糖GABA软糖无蔗糖哈欠糖果20粒*1盒【行情 报价 价格 评测】-京东,Sleep
368,我吃了三个！过半小时会有困意！有困意就要睡觉！！不然一会就挺过去了！就很烦！戒手机吧！手机才是影响我睡眠的第一问题！就酱！,睡眠软糖 2021-02-25 15:18,JD.com,【Buff XBUFF X SLEEP】BUFF X SLEEP软糖GABA软糖无蔗糖哈欠糖果20粒*1盒【行情 报价 价格 评测】-京东,Sleep
369,儿子点名要买的，也不知道有没有介绍上说的那么神奇，小小一盒就好几十，还得每个功能都要尝试一下，现在的孩子可真会花钱啊，没钱都养不起了。,明目软糖 2021-02-24 17:19,JD.com,【Buff XBUFF X SLEEP】BUFF X SLEEP软糖GABA软糖无蔗糖哈欠糖果20粒*1盒【行情 报价 价格 评测】-京东,Sleep
370,感觉吃了就跟没吃一样，智商税了,睡眠软糖 2021-02-23 18:04,JD.com,【Buff XBUFF X SLEEP】BUFF X SLEEP软糖GABA软糖无蔗糖哈欠糖果20粒*1盒【行情 报价 价格 评测】-京东,Sleep
371,儿子点名要这款糖，咱也不知道这款糖是不是这和介绍里说的那么神奇，但这价钱是真不便宜啊，一小盒就好几十，还得每个功能都得买，唉，现在的孩子是真费钱啊！,睡眠软糖 2021-02-23 12:33,JD.com,【Buff XBUFF X SLEEP】BUFF X SLEEP软糖GABA软糖无蔗糖哈欠糖果20粒*1盒【行情 报价 价格 评测】-京东,Sleep
372,口味不是特别好吃，希望有所改进。有点像吃比较可以接受的药，比较苦涩。,鼓掌软糖 2021-03-08 12:16,JD.com,【Buff XBUFF X SLEEP】BUFF X SLEEP软糖GABA软糖无蔗糖哈欠糖果20粒*1盒【行情 报价 价格 评测】-京东,Sleep
373,没感觉到效果，有点小失望,睡眠软糖 2021-03-06 15:23,JD.com,【Buff XBUFF X SLEEP】BUFF X SLEEP软糖GABA软糖无蔗糖哈欠糖果20粒*1盒【行情 报价 价格 评测】-京东,Sleep
374,没啥用,明目软糖 2021-03-05 18:24,JD.com,【Buff XBUFF X SLEEP】BUFF X SLEEP软糖GABA软糖无蔗糖哈欠糖果20粒*1盒【行情 报价 价格 评测】-京东,Sleep
375,说实话，这是第一次买来吃，并没有看出啥效果，期待慢慢发现吧,餐前咀嚼糖 2021-03-05 11:02,JD.com,【Buff XBUFF X SLEEP】BUFF X SLEEP软糖GABA软糖无蔗糖哈欠糖果20粒*1盒【行情 报价 价格 评测】-京东,Sleep
376,味道有点怪 提神醒脑,牛磺酸气泡含片 2021-03-02 12:01,JD.com,【Buff XBUFF X SLEEP】BUFF X SLEEP软糖GABA软糖无蔗糖哈欠糖果20粒*1盒【行情 报价 价格 评测】-京东,Sleep
377,感觉很不好，睡前吃的东西，表皮粘着一层又酸又甜的类似砂糖的东西，很不合理。效果没发现。,睡眠软糖 2021-03-01 23:36,JD.com,【Buff XBUFF X SLEEP】BUFF X SLEEP软糖GABA软糖无蔗糖哈欠糖果20粒*1盒【行情 报价 价格 评测】-京东,Sleep
378,不太好吃，感觉没啥用。,鼓掌软糖 2021-02-28 14:43,JD.com,【Buff XBUFF X SLEEP】BUFF X SLEEP软糖GABA软糖无蔗糖哈欠糖果20粒*1盒【行情 报价 价格 评测】-京东,Sleep
379,不太好吃,明目软糖 2021-02-28 14:43,JD.com,【Buff XBUFF X SLEEP】BUFF X SLEEP软糖GABA软糖无蔗糖哈欠糖果20粒*1盒【行情 报价 价格 评测】-京东,Sleep
380,味道一般 甜里面带一点苦 对我来说基本上没有提神效果 因人而异,牛磺酸气泡含片 2021-02-28 00:08,JD.com,【Buff XBUFF X SLEEP】BUFF X SLEEP软糖GABA软糖无蔗糖哈欠糖果20粒*1盒【行情 报价 价格 评测】-京东,Sleep
381,真心不建议买 屁用没有,睡眠软糖 2021-02-24 16:51,JD.com,【Buff XBUFF X SLEEP】BUFF X SLEEP软糖GABA软糖无蔗糖哈欠糖果20粒*1盒【行情 报价 价格 评测】-京东,Sleep
382,提神效果绝了，吃了根本不困,牛磺酸气泡含片 2021-02-22 12:48,JD.com,【Buff XBUFF X SLEEP】BUFF X SLEEP软糖GABA软糖无蔗糖哈欠糖果20粒*1盒【行情 报价 价格 评测】-京东,Sleep
383,量好少啊,睡眠软糖 2021-02-15 17:20,JD.com,【Buff XBUFF X SLEEP】BUFF X SLEEP软糖GABA软糖无蔗糖哈欠糖果20粒*1盒【行情 报价 价格 评测】-京东,Sleep
384,真的有股姜味，有点冲,鼓掌软糖 2021-02-12 10:43,JD.com,【Buff XBUFF X SLEEP】BUFF X SLEEP软糖GABA软糖无蔗糖哈欠糖果20粒*1盒【行情 报价 价格 评测】-京东,Sleep
385,不知道行不行，效果还不明，，，，，,睡眠软糖 2021-02-11 12:47,JD.com,【Buff XBUFF X SLEEP】BUFF X SLEEP软糖GABA软糖无蔗糖哈欠糖果20粒*1盒【行情 报价 价格 评测】-京东,Sleep
386,味道一般，以为会是软糖,牛磺酸气泡含片 2021-02-11 11:43,JD.com,【Buff XBUFF X SLEEP】BUFF X SLEEP软糖GABA软糖无蔗糖哈欠糖果20粒*1盒【行情 报价 价格 评测】-京东,Sleep
387,感觉和一般的软糖差不多啊,睡眠软糖 2021-02-11 11:43,JD.com,【Buff XBUFF X SLEEP】BUFF X SLEEP软糖GABA软糖无蔗糖哈欠糖果20粒*1盒【行情 报价 价格 评测】-京东,Sleep
388,有点效果，可能心理暗示吧,明目软糖 2021-02-08 18:24,JD.com,【Buff XBUFF X SLEEP】BUFF X SLEEP软糖GABA软糖无蔗糖哈欠糖果20粒*1盒【行情 报价 价格 评测】-京东,Sleep
389,没有感觉到效果,睡眠软糖 2021-02-08 18:25,JD.com,【Buff XBUFF X SLEEP】BUFF X SLEEP软糖GABA软糖无蔗糖哈欠糖果20粒*1盒【行情 报价 价格 评测】-京东,Sleep
390,有种哭啦吧唧的感觉。建议别买了。单就产品而言。,明目软糖 2021-02-08 15:42,JD.com,【Buff XBUFF X SLEEP】BUFF X SLEEP软糖GABA软糖无蔗糖哈欠糖果20粒*1盒【行情 报价 价格 评测】-京东,Sleep
391,并不能提神,牛磺酸气泡含片 2021-02-07 16:40,JD.com,【Buff XBUFF X SLEEP】BUFF X SLEEP软糖GABA软糖无蔗糖哈欠糖果20粒*1盒【行情 报价 价格 评测】-京东,Sleep
392,有一说一 吃了几颗也没啥感觉。,睡眠软糖 2021-02-06 23:25,JD.com,【Buff XBUFF X SLEEP】BUFF X SLEEP软糖GABA软糖无蔗糖哈欠糖果20粒*1盒【行情 报价 价格 评测】-京东,Sleep
393,不戳,睡眠软糖 2021-02-06 18:02,JD.com,【Buff XBUFF X SLEEP】BUFF X SLEEP软糖GABA软糖无蔗糖哈欠糖果20粒*1盒【行情 报价 价格 评测】-京东,Sleep
394,太难吃了太难吃了,牛磺酸气泡含片 2021-02-05 17:58,JD.com,【Buff XBUFF X SLEEP】BUFF X SLEEP软糖GABA软糖无蔗糖哈欠糖果20粒*1盒【行情 报价 价格 评测】-京东,Sleep
395,很无语的送货速度，本来是写的26号到，结果26号才发货，28才送到，快递非常不满意，但是效果很OK的，有点像槟榔，整体一般,牛磺酸气泡含片 2021-01-28 20:44,JD.com,【Buff XBUFF X SLEEP】BUFF X SLEEP软糖GABA软糖无蔗糖哈欠糖果20粒*1盒【行情 报价 价格 评测】-京东,Sleep
396,玩手机最近眼睛感觉度数升高了，这个不知道怎么辨别有没效，失眠的糖果是能感觉到的,维生素软糖 2021-01-28 20:04,JD.com,【Buff XBUFF X SLEEP】BUFF X SLEEP软糖GABA软糖无蔗糖哈欠糖果20粒*1盒【行情 报价 价格 评测】-京东,Sleep
397,每天一包 感觉会有点作用吧 这俩天盯手机盯电脑的很频繁 吃了几天眼睛的酸涩有好转 没那么难受了,牛磺酸气泡含片 2021-01-27 17:25,JD.com,【Buff XBUFF X SLEEP】BUFF X SLEEP软糖GABA软糖无蔗糖哈欠糖果20粒*1盒【行情 报价 价格 评测】-京东,Sleep
398,味道比想象中好太多，没有怪怪的味道，期待效果,明目软糖 2021-01-27 16:37,JD.com,【Buff XBUFF X SLEEP】BUFF X SLEEP软糖GABA软糖无蔗糖哈欠糖果20粒*1盒【行情 报价 价格 评测】-京东,Sleep
399,需要长期使用才有用，建议多次购买,睡眠软糖 2021-01-25 10:24,JD.com,【Buff XBUFF X SLEEP】BUFF X SLEEP软糖GABA软糖无蔗糖哈欠糖果20粒*1盒【行情 报价 价格 评测】-京东,Sleep
400,收到了，味道没有很坏，就像糖果一般，醒醒脑提神，还可以清新口气,牛磺酸气泡含片 2021-01-22 14:42,JD.com,【Buff XBUFF X SLEEP】BUFF X SLEEP软糖GABA软糖无蔗糖哈欠糖果20粒*1盒【行情 报价 价格 评测】-京东,Sleep
401,是因为有@的缘故嘛？感觉有丁点苦，不过整体还不错，是单独的小包装，方便随身携带，以后上课困了就拿出来吃一颗，今年就高考了，努力复习，希望能考个好成绩吧?,牛磺酸气泡含片 2021-02-23 10:48,JD.com,【Buff XBUFF X SLEEP】BUFF X SLEEP软糖GABA软糖无蔗糖哈欠糖果20粒*1盒【行情 报价 价格 评测】-京东,Sleep
402,很喜欢的一款商品，味道也不错！看中了@含量，很赞，一粒相当于一条咖啡呢！,牛磺酸气泡含片 2021-02-20 15:59,JD.com,【Buff XBUFF X SLEEP】BUFF X SLEEP软糖GABA软糖无蔗糖哈欠糖果20粒*1盒【行情 报价 价格 评测】-京东,Sleep
403,东西包装很棒，口味偏苦，实际效果可能跟每个人耐受力不一样，我早上喝一杯咖啡，吃两片这，按理说摄入了200mg@，但是感觉好像作用不大，但是如果我喝一杯星巴克就神清气爽，可能是吃的还不够多，耐受力太强了吧。。。,牛磺酸气泡含片 2021-02-07 17:48,JD.com,【Buff XBUFF X SLEEP】BUFF X SLEEP软糖GABA软糖无蔗糖哈欠糖果20粒*1盒【行情 报价 价格 评测】-京东,Sleep
404,在~上种草的，起初只是想试一试，之后发现效果不错，还挺好的，口感很好，是那种软糖，上面裹了白砂糖好像，吃起来不是那种特别甜，不喜欢甜腻的朋友可以试一试。,餐前咀嚼糖 2021-01-20 10:26,JD.com,【Buff XBUFF X SLEEP】BUFF X SLEEP软糖GABA软糖无蔗糖哈欠糖果20粒*1盒【行情 报价 价格 评测】-京东,Sleep
405,~推荐的美瞳团糖，好吃也很可爱，适合我家小朋友吃，店家也很贴心，独立包装一包两粒。能让人定量吃，还能分享给朋友试吃。,明目软糖 2021-01-27 19:09,JD.com,【Buff XBUFF X SLEEP】BUFF X SLEEP软糖GABA软糖无蔗糖哈欠糖果20粒*1盒【行情 报价 价格 评测】-京东,Sleep
406,好吃(??ω?)?嘿,维生素软糖 2021-03-09 20:40,JD.com,【Buff XBUFF X SLEEP】BUFF X SLEEP软糖GABA软糖无蔗糖哈欠糖果20粒*1盒【行情 报价 价格 评测】-京东,Sleep
407,#就完事了,鼓掌软糖 2021-03-08 13:06,JD.com,【Buff XBUFF X SLEEP】BUFF X SLEEP软糖GABA软糖无蔗糖哈欠糖果20粒*1盒【行情 报价 价格 评测】-京东,Sleep
408,还行,牛磺酸气泡含片 2021-03-07 19:36,JD.com,【Buff XBUFF X SLEEP】BUFF X SLEEP软糖GABA软糖无蔗糖哈欠糖果20粒*1盒【行情 报价 价格 评测】-京东,Sleep
409,还行,维生素软糖 2021-03-05 22:36,JD.com,【Buff XBUFF X SLEEP】BUFF X SLEEP软糖GABA软糖无蔗糖哈欠糖果20粒*1盒【行情 报价 价格 评测】-京东,Sleep
410,不错,维生素软糖*5 2021-03-05 07:56,JD.com,【Buff XBUFF X SLEEP】BUFF X SLEEP软糖GABA软糖无蔗糖哈欠糖果20粒*1盒【行情 报价 价格 评测】-京东,Sleep
411,很好,明目软糖 2021-03-02 10:19,JD.com,【Buff XBUFF X SLEEP】BUFF X SLEEP软糖GABA软糖无蔗糖哈欠糖果20粒*1盒【行情 报价 价格 评测】-京东,Sleep
412,很好,牛磺酸气泡含片 2021-03-02 10:19,JD.com,【Buff XBUFF X SLEEP】BUFF X SLEEP软糖GABA软糖无蔗糖哈欠糖果20粒*1盒【行情 报价 价格 评测】-京东,Sleep
413,很好,睡眠软糖 2021-03-02 10:20,JD.com,【Buff XBUFF X SLEEP】BUFF X SLEEP软糖GABA软糖无蔗糖哈欠糖果20粒*1盒【行情 报价 价格 评测】-京东,Sleep
414,可以,维生素软糖 2021-02-26 12:49,JD.com,【Buff XBUFF X SLEEP】BUFF X SLEEP软糖GABA软糖无蔗糖哈欠糖果20粒*1盒【行情 报价 价格 评测】-京东,Sleep
415,好,睡眠软糖 2021-02-26 08:40,JD.com,【Buff XBUFF X SLEEP】BUFF X SLEEP软糖GABA软糖无蔗糖哈欠糖果20粒*1盒【行情 报价 价格 评测】-京东,Sleep
416,不错,维生素软糖 2021-02-22 12:25,JD.com,【Buff XBUFF X SLEEP】BUFF X SLEEP软糖GABA软糖无蔗糖哈欠糖果20粒*1盒【行情 报价 价格 评测】-京东,Sleep
417,非常好,睡眠软糖 2021-02-16 09:41,JD.com,【Buff XBUFF X SLEEP】BUFF X SLEEP软糖GABA软糖无蔗糖哈欠糖果20粒*1盒【行情 报价 价格 评测】-京东,Sleep
418,好,餐前咀嚼糖 2021-02-16 08:20,JD.com,【Buff XBUFF X SLEEP】BUFF X SLEEP软糖GABA软糖无蔗糖哈欠糖果20粒*1盒【行情 报价 价格 评测】-京东,Sleep
419,可以,明目软糖 2021-02-09 11:03,JD.com,【Buff XBUFF X SLEEP】BUFF X SLEEP软糖GABA软糖无蔗糖哈欠糖果20粒*1盒【行情 报价 价格 评测】-京东,Sleep
